Ano Fato,Data Fato,Data_Hora Fato,Dia da Semana Fato,Latitude,Longitude,Tentado/Consumado Nat Principal,Desc Longa Subgrupo Complemento Nat,Causa Presumida
2014,6/23/2014,23/06/2014 00:00:00,SEGUNDA-FEIRA,-21.24673650,-45.00289730,CONSUMADO,BENS / VALORES DE TRANSEUNTE,PREENCHIMENTO OPCIONAL
2014,8/2/2014,02/08/2014 00:00:00,SÁBADO,-21.30553390,-45.15771440,CONSUMADO,VEICULO OU EMBARCACAO (ESPECIFICAR NA ABA VEICULOS),PREENCHIMENTO OPCIONAL
2014,11/1/2014,01/11/2014 00:00:00,SÁBADO,-21.21625220,-45.12386140,CONSUMADO,BENS / VALORES DE MOTORISTA / COBRADOR DE TRANSPORTE COLETIVO,VANTAGEM ECONOMICA
2017,1/11/2017,11/01/2017 00:00:00,QUARTA-FEIRA,-21.22870450,-45.13226940,CONSUMADO,BENS / VALORES DE MOTORISTA / PASSAGEIRO DE VEICULO PARTICULAR,PREENCHIMENTO OPCIONAL
2017,1/11/2017,11/01/2017 00:00:00,QUARTA-FEIRA,-21.21802940,-45.12705680,CONSUMADO,BENS / VALORES DE MOTORISTA / PASSAGEIRO DE VEICULO PARTICULAR,PREENCHIMENTO OPCIONAL
2017,8/17/2017,17/08/2017 00:00:00,QUINTA-FEIRA,-21.21625220,-45.12386140,CONSUMADO,BENS / VALORES DE MOTORISTA / PASSAGEIRO DE VEICULO PARTICULAR,VANTAGEM ECONOMICA
2017,12/18/2017,18/12/2017 00:00:00,SEGUNDA-FEIRA,-21.32292010,-45.16611090,CONSUMADO,BENS / VALORES DE MOTORISTA / PASSAGEIRO DE VEICULO PARTICULAR,PREENCHIMENTO OPCIONAL
2014,1/1/2014,01/01/2014 21:20:00,QUARTA-FEIRA,-21.24827350,-45.02502430,CONSUMADO,OUTROS BENS / VALORES EM OUTRO LOCAL (ESPECIFICAR,OUTRAS MOTIVACOES/CAUSAS 
2014,1/4/2014,04/01/2014 02:09:00,SÁBADO,-21.24609490,-45.00066820,CONSUMADO,BENS / VALORES DE TRANSEUNTE,IGNORADO
2014,1/20/2014,20/01/2014 08:54:00,SEGUNDA-FEIRA,-21.23510540,-45.00536970,CONSUMADO,BENS / VALORES DE TRANSEUNTE,IGNORADO
2014,1/20/2014,20/01/2014 15:10:00,SEGUNDA-FEIRA,-21.24657880,-44.99040670,CONSUMADO,BENS / VALORES DE TRANSEUNTE,OUTRAS MOTIVACOES/CAUSAS 
2014,2/5/2014,05/02/2014 04:45:00,QUARTA-FEIRA,-21.25576920,-44.99235310,CONSUMADO,BENS / VALORES DE TRANSEUNTE,ENVOLVIMENTO COM DROGAS
2014,2/8/2014,08/02/2014 10:02:00,SÁBADO,-21.24599740,-45.01351300,CONSUMADO,BENS/VALORES DE PROPRIETARIO/FUNCIONARIO DE ESTABELECIMENTO,IGNORADO
2014,2/9/2014,09/02/2014 00:01:00,DOMINGO,-21.29416670,-45.01583330,TENTADO,BENS / VALORES DE MOTORISTA / PASSAGEIRO DE VEICULO PARTICULAR,OUTRAS MOTIVACOES/CAUSAS 
2014,2/10/2014,10/02/2014 23:43:00,SEGUNDA-FEIRA,-21.23510640,-44.99660870,CONSUMADO,BENS / VALORES DE TRANSEUNTE,OUTRAS MOTIVACOES/CAUSAS 
2014,2/22/2014,22/02/2014 03:52:00,SÁBADO,-21.24723370,-45.00125350,CONSUMADO,BENS / VALORES DE TRANSEUNTE,ENVOLVIMENTO COM DROGAS
2014,2/22/2014,22/02/2014 04:30:00,SÁBADO,-21.28400270,-44.97706110,CONSUMADO,VEICULO OU EMBARCACAO (ESPECIFICAR NA ABA VEICULOS),VANTAGEM ECONOMICA
2014,2/23/2014,23/02/2014 22:45:00,DOMINGO,-21.24827390,-44.99602830,CONSUMADO,BENS / VALORES DE MOTORISTA / PASSAGEIRO DE VEICULO PARTICULAR,IGNORADO
2014,3/3/2014,03/03/2014 17:30:00,SEGUNDA-FEIRA,-21.23829220,-44.99377010,CONSUMADO,BENS / VALORES DE TRANSEUNTE,OUTRAS MOTIVACOES/CAUSAS 
2014,3/3/2014,03/03/2014 21:40:00,SEGUNDA-FEIRA,-21.24059030,-44.99944030,CONSUMADO,BENS / VALORES DE TRANSEUNTE,VANTAGEM ECONOMICA
2014,3/4/2014,04/03/2014 01:50:00,TERÇA-FEIRA,-21.24794110,-45.00372010,CONSUMADO,BENS / VALORES DE TRANSEUNTE,VANTAGEM ECONOMICA
2014,3/11/2014,11/03/2014 15:01:00,TERÇA-FEIRA,-21.25697160,-45.01534410,CONSUMADO,BENS / VALORES DE MOTORISTA / PASSAGEIRO DE VEICULO PARTICULAR,ACAO DE GANGUES / FACCOES CRIMINOSAS
2014,3/24/2014,24/03/2014 14:49:00,SEGUNDA-FEIRA,-21.23803400,-44.99629930,CONSUMADO,BENS / VALORES DE TRANSEUNTE,OUTRAS MOTIVACOES/CAUSAS 
2014,3/29/2014,29/03/2014 01:25:00,SÁBADO,-21.23697450,-44.99395850,TENTADO,BENS / VALORES DE TRANSEUNTE,VANTAGEM ECONOMICA
2014,4/6/2014,06/04/2014 05:55:00,DOMINGO,-21.23177830,-45.00224190,TENTADO,BENS / VALORES DE TRANSEUNTE,OUTRAS MOTIVACOES/CAUSAS 
2014,4/13/2014,13/04/2014 21:48:00,DOMINGO,-21.23601740,-45.02181340,CONSUMADO,BENS / VALORES DE TRANSEUNTE,OUTRAS MOTIVACOES/CAUSAS 
2014,4/14/2014,14/04/2014 02:30:00,SEGUNDA-FEIRA,-21.24864880,-45.00521380,CONSUMADO,BENS / VALORES DE MOTORISTA / PASSAGEIRO DE VEICULO PARTICULAR,VANTAGEM ECONOMICA
2014,4/18/2014,18/04/2014 01:30:00,SEXTA-FEIRA,-21.25273800,-44.99879960,CONSUMADO,BENS / VALORES DE TRANSEUNTE,IGNORADO
2014,4/18/2014,18/04/2014 03:20:00,SEXTA-FEIRA,-21.23796680,-44.99808300,CONSUMADO,BENS / VALORES DE TRANSEUNTE,VANTAGEM ECONOMICA
2014,4/24/2014,24/04/2014 12:33:00,QUINTA-FEIRA,-21.22055600,-45.02416700,CONSUMADO,BENS / VALORES DE TRANSEUNTE,OUTRAS MOTIVACOES/CAUSAS 
2014,5/5/2014,05/05/2014 23:30:00,SEGUNDA-FEIRA,-21.22554780,-45.00344470,CONSUMADO,BENS / VALORES DE TRANSEUNTE,OUTRAS MOTIVACOES/CAUSAS 
2014,5/10/2014,10/05/2014 19:26:00,SÁBADO,-21.22093440,-44.99422880,CONSUMADO,BENS / VALORES DE TRANSEUNTE,ENVOLVIMENTO COM DROGAS
2014,5/15/2014,15/05/2014 22:07:00,QUINTA-FEIRA,-21.26262130,-44.98574340,CONSUMADO,BENS / VALORES DE TRANSEUNTE,OUTRAS MOTIVACOES/CAUSAS 
2014,5/22/2014,22/05/2014 05:43:00,QUINTA-FEIRA,-21.23703300,-44.98746000,CONSUMADO,BENS / VALORES DE TRANSEUNTE,OUTRAS MOTIVACOES/CAUSAS 
2014,5/30/2014,30/05/2014 19:48:00,SEXTA-FEIRA,-21.24883490,-45.00324640,TENTADO,BENS / VALORES DE TRANSEUNTE,ENVOLVIMENTO COM DROGAS
2014,6/29/2014,29/06/2014 22:39:00,DOMINGO,-21.24116780,-44.99885960,TENTADO,BENS / VALORES DE TRANSEUNTE,VANTAGEM ECONOMICA
2014,7/7/2014,07/07/2014 17:08:00,SEGUNDA-FEIRA,-21.25418420,-45.00363840,TENTADO,BENS / VALORES DE TRANSEUNTE,ENVOLVIMENTO COM DROGAS
2014,7/10/2014,10/07/2014 19:10:00,QUINTA-FEIRA,-21.22236660,-45.00305330,CONSUMADO,VEICULO OU EMBARCACAO (ESPECIFICAR NA ABA VEICULOS),OUTRAS MOTIVACOES/CAUSAS 
2014,7/19/2014,19/07/2014 00:10:00,SÁBADO,-21.24220330,-44.99231560,CONSUMADO,BENS / VALORES DE TRANSEUNTE,OUTRAS MOTIVACOES/CAUSAS 
2014,7/20/2014,20/07/2014 23:54:00,DOMINGO,-21.24220330,-44.99231560,CONSUMADO,BENS / VALORES DE TRANSEUNTE,VANTAGEM ECONOMICA
2014,7/23/2014,23/07/2014 04:04:00,QUARTA-FEIRA,-21.24797830,-44.99056330,TENTADO,BENS / VALORES DE TRANSEUNTE,VANTAGEM ECONOMICA
2014,7/29/2014,29/07/2014 11:30:00,TERÇA-FEIRA,-21.24120090,-45.00048460,CONSUMADO,BENS / VALORES DE TRANSEUNTE,OUTRAS MOTIVACOES/CAUSAS 
2014,8/2/2014,02/08/2014 22:00:00,SÁBADO,-21.23665600,-44.99878750,CONSUMADO,BENS / VALORES DE TRANSEUNTE,IGNORADO
2014,8/3/2014,03/08/2014 19:17:00,DOMINGO,-21.22554780,-45.00344470,CONSUMADO,BENS / VALORES DE TRANSEUNTE,IGNORADO
2014,8/3/2014,03/08/2014 20:00:00,DOMINGO,-21.24262090,-45.00029210,CONSUMADO,BENS / VALORES DE TRANSEUNTE,OUTRAS MOTIVACOES/CAUSAS 
2014,8/4/2014,04/08/2014 20:25:00,SEGUNDA-FEIRA,-21.23508370,-44.99645220,CONSUMADO,BENS / VALORES DE TRANSEUNTE,VANTAGEM ECONOMICA
2014,8/12/2014,12/08/2014 22:25:00,TERÇA-FEIRA,-21.24501610,-45.00062200,CONSUMADO,BENS / VALORES DE TRANSEUNTE,IGNORADO
2014,8/19/2014,19/08/2014 19:15:00,TERÇA-FEIRA,-21.21078500,-45.00071600,TENTADO,BENS/VALORES DE PROPRIETARIO/FUNCIONARIO DE ESTABELECIMENTO,OUTRAS MOTIVACOES/CAUSAS 
2014,8/21/2014,21/08/2014 20:05:00,QUINTA-FEIRA,-21.25486550,-44.99863790,TENTADO,BENS/VALORES DE CLIENTE/VISITANTE DE ESTABELECIMENTO,OUTRAS MOTIVACOES/CAUSAS 
2014,9/24/2014,24/09/2014 02:35:00,QUARTA-FEIRA,-21.30553390,-45.15771440,CONSUMADO,BENS/VALORES DE PROPRIETARIO/FUNCIONARIO DE ESTABELECIMENTO,OUTRAS MOTIVACOES/CAUSAS 
2014,9/29/2014,29/09/2014 01:47:00,SEGUNDA-FEIRA,-21.25542080,-44.98105060,CONSUMADO,BENS / VALORES DE TRANSEUNTE,OUTRAS MOTIVACOES/CAUSAS 
2014,9/30/2014,30/09/2014 14:50:00,TERÇA-FEIRA,-21.27160030,-44.98041310,CONSUMADO,BENS / VALORES DE TRANSEUNTE,VANTAGEM ECONOMICA
2014,10/1/2014,01/10/2014 20:30:00,QUARTA-FEIRA,-21.25774970,-45.00427288,CONSUMADO,BENS / VALORES DE TRANSEUNTE,VANTAGEM ECONOMICA
2014,10/2/2014,02/10/2014 04:15:00,QUINTA-FEIRA,-21.22604440,-45.04735250,CONSUMADO,BENS / VALORES DE ESTABELECIMENTO /PESSOA JURIDICA,IGNORADO
2014,10/11/2014,11/10/2014 01:45:00,SÁBADO,-21.24800460,-44.99606960,CONSUMADO,BENS / VALORES DE MOTORISTA / PASSAGEIRO DE VEICULO PARTICULAR,VANTAGEM ECONOMICA
2014,10/14/2014,14/10/2014 13:00:00,TERÇA-FEIRA,-21.25058580,-45.01292490,CONSUMADO,BENS / VALORES DE TRANSEUNTE,IGNORADO
2014,10/26/2014,26/10/2014 18:00:00,DOMINGO,-21.22604440,-45.04735250,CONSUMADO,CARGAS,OUTRAS MOTIVACOES/CAUSAS 
2014,11/1/2014,01/11/2014 09:30:00,SÁBADO,-21.15194440,-45.02944440,CONSUMADO,BENS / VALORES DE TRANSEUNTE,IGNORADO
2014,11/12/2014,12/11/2014 20:47:00,QUARTA-FEIRA,-21.25022810,-45.00437070,CONSUMADO,BENS/VALORES DE PROPRIETARIO/FUNCIONARIO DE ESTABELECIMENTO,OUTRAS MOTIVACOES/CAUSAS 
2014,11/15/2014,15/11/2014 06:41:00,SÁBADO,-21.25697160,-45.01534410,CONSUMADO,BENS / VALORES DE TRANSEUNTE,OUTRAS MOTIVACOES/CAUSAS 
2014,11/28/2014,28/11/2014 07:20:00,SEXTA-FEIRA,-21.23270100,-44.99595670,CONSUMADO,BENS / VALORES DE TRANSEUNTE,IGNORADO
2014,12/1/2014,01/12/2014 21:00:00,SEGUNDA-FEIRA,-21.23648660,-44.99664040,CONSUMADO,BENS / VALORES DE TRANSEUNTE,OUTRAS MOTIVACOES/CAUSAS 
2014,12/2/2014,02/12/2014 00:52:00,TERÇA-FEIRA,-21.23230150,-44.99521580,CONSUMADO,BENS / VALORES DE TRANSEUNTE,IGNORADO
2014,12/17/2014,17/12/2014 23:40:00,QUARTA-FEIRA,-21.23220800,-45.00202000,CONSUMADO,BENS/VALORES DE TRABALHADOR DE RUA,VANTAGEM ECONOMICA
2015,1/2/2015,02/01/2015 01:47:00,SEXTA-FEIRA,-21.23499980,-45.00400640,CONSUMADO,BENS / VALORES DE TRANSEUNTE,ENVOLVIMENTO COM DROGAS
2015,2/5/2015,05/02/2015 07:00:00,QUINTA-FEIRA,-21.19711690,-45.09448880,CONSUMADO,VEICULO OU EMBARCACAO (ESPECIFICAR NA ABA VEICULOS),OUTRAS MOTIVACOES/CAUSAS 
2015,3/11/2015,11/03/2015 23:15:00,QUARTA-FEIRA,-21.24661240,-45.00309840,CONSUMADO,BENS / VALORES DE TRANSEUNTE,OUTRAS MOTIVACOES/CAUSAS 
2015,3/11/2015,11/03/2015 22:30:00,QUARTA-FEIRA,-21.24933610,-44.99149580,TENTADO,BENS / VALORES DE TRANSEUNTE,IGNORADO
2015,3/12/2015,12/03/2015 17:15:00,QUINTA-FEIRA,-21.23594620,-45.02724350,CONSUMADO,BENS / VALORES DE MOTORISTA / COBRADOR DE TRANSPORTE COLETIVO,VANTAGEM ECONOMICA
2015,3/13/2015,13/03/2015 21:45:00,SEXTA-FEIRA,-21.25286860,-45.00571300,CONSUMADO,BENS / VALORES DE TRANSEUNTE,VANTAGEM ECONOMICA
2015,3/14/2015,14/03/2015 05:45:00,SÁBADO,-21.25880900,-45.00544360,CONSUMADO,BENS / VALORES DE TRANSEUNTE,VANTAGEM ECONOMICA
2015,3/22/2015,22/03/2015 07:30:00,DOMINGO,-21.25271220,-45.00542070,CONSUMADO,BENS / VALORES DE TRANSEUNTE,IGNORADO
2015,3/23/2015,23/03/2015 22:45:00,SEGUNDA-FEIRA,-21.22521650,-45.00543780,CONSUMADO,BENS / VALORES DE MOTORISTA / COBRADOR DE TRANSPORTE COLETIVO,IGNORADO
2015,3/28/2015,28/03/2015 06:47:00,SÁBADO,-21.25755000,-44.98462070,CONSUMADO,BENS / VALORES DE MOTORISTA / PASSAGEIRO DE VEICULO PARTICULAR,OUTRAS MOTIVACOES/CAUSAS 
2015,3/28/2015,28/03/2015 01:00:00,SÁBADO,-21.26706080,-44.98403930,CONSUMADO,BENS / VALORES DE TRANSEUNTE,VANTAGEM ECONOMICA
2015,4/6/2015,06/04/2015 05:40:00,SEGUNDA-FEIRA,-21.25433374,-45.00517712,CONSUMADO,BENS / VALORES DE TRANSEUNTE,VANTAGEM ECONOMICA
2015,4/20/2015,20/04/2015 19:44:00,SEGUNDA-FEIRA,-21.25813470,-45.00048600,CONSUMADO,BENS / VALORES DE TRANSEUNTE,OUTRAS MOTIVACOES/CAUSAS 
2015,4/21/2015,21/04/2015 10:10:00,TERÇA-FEIRA,-21.24877470,-45.00672120,CONSUMADO,BENS / VALORES DE ESTABELECIMENTO /PESSOA JURIDICA,ENVOLVIMENTO COM DROGAS
2015,4/22/2015,22/04/2015 00:14:00,QUARTA-FEIRA,-21.25233950,-45.00534090,CONSUMADO,BENS / VALORES DE TRANSEUNTE,IGNORADO
2015,4/25/2015,25/04/2015 21:49:00,SÁBADO,-21.21078800,-44.99966650,CONSUMADO,BENS / VALORES DE TRANSEUNTE,IGNORADO
2015,5/4/2015,04/05/2015 20:10:00,SEGUNDA-FEIRA,-21.25260290,-44.99741980,TENTADO,BENS / VALORES DE TRANSEUNTE,OUTRAS MOTIVACOES/CAUSAS 
2015,5/16/2015,16/05/2015 05:00:00,SÁBADO,-21.24575474,-45.00433299,CONSUMADO,BENS / VALORES DE TRANSEUNTE,IGNORADO
2015,5/25/2015,25/05/2015 17:35:00,SEGUNDA-FEIRA,-21.25687060,-44.99805310,CONSUMADO,BENS / VALORES DE TRANSEUNTE,IGNORADO
2015,5/25/2015,25/05/2015 21:12:00,SEGUNDA-FEIRA,-21.23760340,-44.99513140,CONSUMADO,BENS / VALORES DE TRANSEUNTE,IGNORADO
2015,5/26/2015,26/05/2015 18:18:00,TERÇA-FEIRA,-21.25765490,-45.00099730,CONSUMADO,BENS / VALORES DE TRANSEUNTE,ENVOLVIMENTO COM DROGAS
2015,5/29/2015,29/05/2015 07:20:00,SEXTA-FEIRA,-21.25598140,-45.01421260,CONSUMADO,BENS / VALORES DE TRANSEUNTE,IGNORADO
2015,6/3/2015,03/06/2015 23:45:00,QUARTA-FEIRA,-21.22724570,-44.99858590,TENTADO,BENS / VALORES DE ESTABELECIMENTO /PESSOA JURIDICA,IGNORADO
2015,6/4/2015,04/06/2015 01:45:00,QUINTA-FEIRA,-21.23746690,-44.99180170,CONSUMADO,BENS / VALORES DE TRANSEUNTE,ENVOLVIMENTO COM DROGAS
2015,6/5/2015,05/06/2015 14:00:00,SEXTA-FEIRA,-21.19711690,-45.09448880,CONSUMADO,VEICULO OU EMBARCACAO (ESPECIFICAR NA ABA VEICULOS),VANTAGEM ECONOMICA
2015,6/5/2015,05/06/2015 17:23:00,SEXTA-FEIRA,-21.24872920,-45.00352240,TENTADO,BENS / VALORES DE MOTORISTA / PASSAGEIRO DE VEICULO PARTICULAR,IGNORADO
2015,6/5/2015,05/06/2015 17:00:00,SEXTA-FEIRA,-21.25071480,-44.99847270,TENTADO,BENS / VALORES DE TRANSEUNTE,VANTAGEM ECONOMICA
2015,6/7/2015,07/06/2015 22:10:00,DOMINGO,-21.21436140,-44.99774050,CONSUMADO,BENS / VALORES DE ESTABELECIMENTO /PESSOA JURIDICA,VANTAGEM ECONOMICA
2015,6/8/2015,08/06/2015 19:41:00,SEGUNDA-FEIRA,-21.23742490,-44.99438990,CONSUMADO,BENS / VALORES DE TRANSEUNTE,VANTAGEM ECONOMICA
2015,6/12/2015,12/06/2015 18:00:00,SEXTA-FEIRA,-21.26469570,-45.01527670,CONSUMADO,BENS / VALORES DE TRANSEUNTE,IGNORADO
2015,6/15/2015,15/06/2015 20:30:00,SEGUNDA-FEIRA,-21.23626950,-44.99687160,CONSUMADO,BENS/VALORES DE TRABALHADOR DE RUA,OUTRAS MOTIVACOES/CAUSAS 
2015,6/17/2015,17/06/2015 22:40:00,QUARTA-FEIRA,-21.24522560,-44.99196800,CONSUMADO,BENS / VALORES DE TRANSEUNTE,VANTAGEM ECONOMICA
2015,6/21/2015,21/06/2015 18:35:00,DOMINGO,-21.23882110,-44.99308390,CONSUMADO,BENS / VALORES DE TRANSEUNTE,VANTAGEM ECONOMICA
2015,6/25/2015,25/06/2015 02:40:00,QUINTA-FEIRA,-21.24807080,-45.00382500,TENTADO,BENS / VALORES DE TRANSEUNTE,VANTAGEM ECONOMICA
2015,6/25/2015,25/06/2015 18:30:00,QUINTA-FEIRA,-21.23939880,-44.99570020,CONSUMADO,BENS / VALORES DE TRANSEUNTE,VANTAGEM ECONOMICA
2015,6/26/2015,26/06/2015 22:00:00,SEXTA-FEIRA,-21.26469570,-45.01527670,CONSUMADO,MOTORISTA DE TAXI,IGNORADO
2015,6/28/2015,28/06/2015 04:00:00,DOMINGO,-21.24404700,-45.00144180,CONSUMADO,BENS / VALORES DE TRANSEUNTE,VANTAGEM ECONOMICA
2015,6/30/2015,30/06/2015 17:45:00,TERÇA-FEIRA,-21.25858230,-45.01472070,CONSUMADO,BENS / VALORES DE MOTORISTA / PASSAGEIRO DE VEICULO PARTICULAR,VANTAGEM ECONOMICA
2015,7/3/2015,03/07/2015 05:00:00,SEXTA-FEIRA,-21.23316211,-44.99740289,CONSUMADO,BENS / VALORES DE TRANSEUNTE,VANTAGEM ECONOMICA
2015,7/7/2015,07/07/2015 19:40:00,TERÇA-FEIRA,-21.24372530,-45.00138560,CONSUMADO,BENS / VALORES DE TRANSEUNTE,IGNORADO
2015,7/12/2015,12/07/2015 02:38:00,DOMINGO,-21.24323900,-45.01082650,CONSUMADO,BENS / VALORES DE TRANSEUNTE,VANTAGEM ECONOMICA
2015,7/12/2015,12/07/2015 21:40:00,DOMINGO,-21.23937720,-44.99196900,CONSUMADO,BENS / VALORES DE TRANSEUNTE,VANTAGEM ECONOMICA
2015,7/24/2015,24/07/2015 20:35:00,SEXTA-FEIRA,-21.25218630,-44.98437210,CONSUMADO,BENS / VALORES DE TRANSEUNTE,VANTAGEM ECONOMICA
2015,7/24/2015,24/07/2015 21:34:00,SEXTA-FEIRA,-21.25406570,-45.00411060,TENTADO,VEICULO OU EMBARCACAO (ESPECIFICAR NA ABA VEICULOS),VANTAGEM ECONOMICA
2015,8/1/2015,01/08/2015 19:00:00,SÁBADO,-21.25233950,-45.00534090,CONSUMADO,BENS / VALORES DE TRANSEUNTE,VANTAGEM ECONOMICA
2015,8/13/2015,13/08/2015 23:50:00,QUINTA-FEIRA,-21.25476570,-45.01348820,CONSUMADO,BENS / VALORES DE TRANSEUNTE,VANTAGEM ECONOMICA
2015,8/18/2015,18/08/2015 23:35:00,TERÇA-FEIRA,-21.25726240,-45.01527460,CONSUMADO,BENS / VALORES DE MOTORISTA / COBRADOR DE TRANSPORTE COLETIVO,VANTAGEM ECONOMICA
2015,8/29/2015,29/08/2015 03:46:00,SÁBADO,-21.24477080,-45.00099200,CONSUMADO,BENS / VALORES DE TRANSEUNTE,VANTAGEM ECONOMICA
2015,9/3/2015,03/09/2015 15:00:00,QUINTA-FEIRA,-21.22604440,-45.04735250,CONSUMADO,BENS / VALORES DE MOTORISTA / PASSAGEIRO DE VEICULO PARTICULAR,VANTAGEM ECONOMICA
2015,9/14/2015,14/09/2015 22:45:00,SEGUNDA-FEIRA,-21.21099600,-44.97243100,CONSUMADO,VEICULO OU EMBARCACAO (ESPECIFICAR NA ABA VEICULOS),IGNORADO
2015,10/2/2015,02/10/2015 01:45:00,SEXTA-FEIRA,-21.23782180,-44.99465090,CONSUMADO,BENS / VALORES DE TRANSEUNTE,VANTAGEM ECONOMICA
2015,10/8/2015,08/10/2015 00:00:00,QUINTA-FEIRA,-21.24551850,-44.99604900,CONSUMADO,BENS / VALORES DE TRANSEUNTE,OUTRAS MOTIVACOES/CAUSAS 
2015,10/9/2015,09/10/2015 00:57:00,SEXTA-FEIRA,-21.24313290,-44.99194220,CONSUMADO,BENS / VALORES DE TRANSEUNTE,IGNORADO
2015,10/9/2015,09/10/2015 22:37:00,SEXTA-FEIRA,-21.25543990,-44.98868520,CONSUMADO,BENS / VALORES DE TRANSEUNTE,VANTAGEM ECONOMICA
2015,10/11/2015,11/10/2015 16:38:00,DOMINGO,-21.24642450,-45.02017990,TENTADO,BENS / VALORES DE TRANSEUNTE,BRIGA / ATRITO
2015,10/15/2015,15/10/2015 20:00:00,QUINTA-FEIRA,-21.25477540,-44.98709610,CONSUMADO,BENS / VALORES DE TRANSEUNTE,ACAO DE GANGUES / FACCOES CRIMINOSAS
2015,10/17/2015,17/10/2015 00:30:00,SÁBADO,-21.22604440,-45.04735250,CONSUMADO,BENS / VALORES DE TRANSEUNTE,IGNORADO
2015,10/18/2015,18/10/2015 23:00:00,DOMINGO,-21.25397630,-44.98463670,CONSUMADO,BENS / VALORES DE TRANSEUNTE,IGNORADO
2015,10/22/2015,22/10/2015 21:37:00,QUINTA-FEIRA,-21.21014420,-44.98883180,CONSUMADO,BENS / VALORES DE MOTORISTA / PASSAGEIRO DE VEICULO PARTICULAR,IGNORADO
2015,10/24/2015,24/10/2015 21:12:00,SÁBADO,-21.25098610,-44.99732300,CONSUMADO,BENS / VALORES DE TRANSEUNTE,IGNORADO
2015,10/24/2015,24/10/2015 21:00:00,SÁBADO,-21.24676320,-44.99233630,CONSUMADO,BENS / VALORES DE TRANSEUNTE,OUTRAS MOTIVACOES/CAUSAS 
2015,10/25/2015,25/10/2015 00:41:00,DOMINGO,-21.23408010,-44.99603250,CONSUMADO,BENS / VALORES DE TRANSEUNTE,IGNORADO
2015,10/26/2015,26/10/2015 00:30:00,SEGUNDA-FEIRA,-21.24659930,-45.00145760,TENTADO,BENS / VALORES DE TRANSEUNTE,VANTAGEM ECONOMICA
2015,10/26/2015,26/10/2015 21:10:00,SEGUNDA-FEIRA,-21.23568830,-45.01114860,CONSUMADO,BENS / VALORES DE MOTORISTA / COBRADOR DE TRANSPORTE COLETIVO,IGNORADO
2015,10/28/2015,28/10/2015 13:20:00,QUARTA-FEIRA,-21.24885760,-45.00882160,CONSUMADO,BENS / VALORES DE TRANSEUNTE,VANTAGEM ECONOMICA
2015,11/6/2015,06/11/2015 23:02:00,SEXTA-FEIRA,-21.26147210,-44.99771720,CONSUMADO,BENS / VALORES DE MOTORISTA / PASSAGEIRO DE VEICULO PARTICULAR,VANTAGEM ECONOMICA
2015,11/9/2015,09/11/2015 22:20:00,SEGUNDA-FEIRA,-21.22385280,-45.00470130,TENTADO,BENS / VALORES DE MOTORISTA / PASSAGEIRO DE VEICULO PARTICULAR,VANTAGEM ECONOMICA
2015,11/10/2015,10/11/2015 00:55:00,TERÇA-FEIRA,-21.24560180,-45.01355650,TENTADO,BENS / VALORES DE TRANSEUNTE,IGNORADO
2015,11/12/2015,12/11/2015 12:00:00,QUINTA-FEIRA,-21.23844520,-45.00165940,CONSUMADO,BENS / VALORES DE TRANSEUNTE,VANTAGEM ECONOMICA
2015,11/27/2015,27/11/2015 12:00:00,SEXTA-FEIRA,-21.25949190,-45.00498210,CONSUMADO,BENS / VALORES DE MOTORISTA / PASSAGEIRO DE VEICULO PARTICULAR,VANTAGEM ECONOMICA
2015,11/29/2015,29/11/2015 03:00:00,DOMINGO,-21.23808520,-44.99809250,CONSUMADO,BENS / VALORES DE ESTABELECIMENTO /PESSOA JURIDICA,VANTAGEM ECONOMICA
2015,12/2/2015,02/12/2015 20:15:00,QUARTA-FEIRA,-21.23457090,-45.00960090,CONSUMADO,BENS/VALORES DE PROPRIETARIO/FUNCIONARIO DE ESTABELECIMENTO,VANTAGEM ECONOMICA
2015,12/4/2015,04/12/2015 20:20:00,SEXTA-FEIRA,-21.24671020,-44.99640580,CONSUMADO,BENS / VALORES DE TRANSEUNTE,VANTAGEM ECONOMICA
2015,12/5/2015,05/12/2015 13:50:00,SÁBADO,-21.22076640,-45.00317720,CONSUMADO,BENS/VALORES DE PROPRIETARIO/FUNCIONARIO DE ESTABELECIMENTO,IGNORADO
2015,12/6/2015,06/12/2015 02:45:00,DOMINGO,-21.24466360,-45.00179070,CONSUMADO,BENS / VALORES DE MOTORISTA / PASSAGEIRO DE VEICULO PARTICULAR,IGNORADO
2015,12/12/2015,12/12/2015 02:40:00,SÁBADO,-21.25105270,-45.00476140,CONSUMADO,BENS / VALORES DE TRANSEUNTE,VANTAGEM ECONOMICA
2015,12/22/2015,22/12/2015 16:25:00,TERÇA-FEIRA,-21.25906480,-45.00153960,CONSUMADO,OUTROS BENS / VALORES EM OUTRO LOCAL (ESPECIFICAR,VANTAGEM ECONOMICA
2016,1/2/2016,02/01/2016 21:55:00,SÁBADO,-21.21001530,-44.99289080,CONSUMADO,BENS / VALORES DE MOTORISTA / COBRADOR DE TRANSPORTE COLETIVO,VANTAGEM ECONOMICA
2016,1/9/2016,09/01/2016 02:30:00,SÁBADO,-21.24406410,-45.00799380,CONSUMADO,BENS / VALORES DE TRANSEUNTE,IGNORADO
2016,1/9/2016,09/01/2016 23:35:00,SÁBADO,-21.24072650,-44.99786480,CONSUMADO,BENS / VALORES DE TRANSEUNTE,VANTAGEM ECONOMICA
2016,1/14/2016,14/01/2016 00:35:00,QUINTA-FEIRA,-21.26368510,-44.93676420,TENTADO,BENS / VALORES DE MOTORISTA / COBRADOR DE TRANSPORTE COLETIVO,VANTAGEM ECONOMICA
2016,1/26/2016,26/01/2016 14:00:00,TERÇA-FEIRA,-21.26296110,-44.99210360,CONSUMADO,BENS / VALORES DE ESTABELECIMENTO /PESSOA JURIDICA,ENVOLVIMENTO COM DROGAS
2016,2/3/2016,03/02/2016 21:15:00,QUARTA-FEIRA,-21.24922550,-45.00411910,CONSUMADO,BENS / VALORES DE ESTABELECIMENTO /PESSOA JURIDICA,IGNORADO
2016,2/8/2016,08/02/2016 10:45:00,SEGUNDA-FEIRA,-21.25692510,-45.01519040,CONSUMADO,BENS / VALORES DE TRANSEUNTE,IGNORADO
2016,2/9/2016,09/02/2016 11:45:00,TERÇA-FEIRA,-21.24246680,-44.99923610,CONSUMADO,VEICULO OU EMBARCACAO (ESPECIFICAR NA ABA VEICULOS),AUTOR COM OUTRAS DIVIDAS
2016,2/18/2016,18/02/2016 12:50:00,QUINTA-FEIRA,-21.26115830,-45.00384880,CONSUMADO,OUTROS BENS / VALORES EM OUTRO LOCAL (ESPECIFICAR,VANTAGEM ECONOMICA
2016,2/21/2016,21/02/2016 20:00:00,DOMINGO,-21.24849770,-45.00316220,CONSUMADO,BENS / VALORES DE TRANSEUNTE,IGNORADO
2016,2/26/2016,26/02/2016 11:00:00,SEXTA-FEIRA,-21.26019750,-45.01699060,CONSUMADO,BENS / VALORES DE ESTABELECIMENTO /PESSOA JURIDICA,IGNORADO
2016,3/13/2016,13/03/2016 00:45:00,DOMINGO,-21.26264800,-44.98741500,CONSUMADO,BENS / VALORES DE TRANSEUNTE,IGNORADO
2016,3/13/2016,13/03/2016 20:05:00,DOMINGO,-21.23603650,-45.02300440,CONSUMADO,BENS / VALORES DE TRANSEUNTE,IGNORADO
2016,3/16/2016,16/03/2016 13:00:00,QUARTA-FEIRA,-21.26111100,-45.01666700,CONSUMADO,BENS / VALORES DE TRANSEUNTE,VANTAGEM ECONOMICA
2016,3/19/2016,19/03/2016 13:10:00,SÁBADO,-21.23873270,-44.99692060,CONSUMADO,BENS / VALORES DE TRANSEUNTE,ENVOLVIMENTO COM DROGAS
2016,3/24/2016,24/03/2016 01:40:00,QUINTA-FEIRA,-21.24772290,-44.99049360,CONSUMADO,BENS / VALORES DE TRANSEUNTE,IGNORADO
2016,4/2/2016,02/04/2016 20:44:00,SÁBADO,-21.22570720,-45.04726830,CONSUMADO,VEICULO OU EMBARCACAO (ESPECIFICAR NA ABA VEICULOS),IGNORADO
2016,4/4/2016,04/04/2016 21:50:00,SEGUNDA-FEIRA,-21.25094530,-45.01298290,CONSUMADO,BENS / VALORES DE MOTORISTA / PASSAGEIRO DE VEICULO PARTICULAR,VANTAGEM ECONOMICA
2016,4/6/2016,06/04/2016 10:50:00,QUARTA-FEIRA,-21.25827250,-45.01768300,CONSUMADO,BENS / VALORES DE ESTABELECIMENTO /PESSOA JURIDICA,IGNORADO
2016,4/12/2016,12/04/2016 13:25:00,TERÇA-FEIRA,-21.25138400,-45.00270580,CONSUMADO,VEICULO OU EMBARCACAO (ESPECIFICAR NA ABA VEICULOS),VANTAGEM ECONOMICA
2016,4/18/2016,18/04/2016 11:20:00,SEGUNDA-FEIRA,-21.21028750,-44.99952160,CONSUMADO,BENS / VALORES DE ESTABELECIMENTO /PESSOA JURIDICA,VANTAGEM ECONOMICA
2016,5/3/2016,03/05/2016 00:12:00,TERÇA-FEIRA,-21.25252240,-45.00315020,TENTADO,BENS / VALORES DE TRANSEUNTE,IGNORADO
2016,5/3/2016,03/05/2016 23:32:00,TERÇA-FEIRA,-21.23890350,-44.99243700,CONSUMADO,BENS / VALORES DE TRANSEUNTE,OUTRAS MOTIVACOES/CAUSAS 
2016,5/7/2016,07/05/2016 22:50:00,SÁBADO,-21.22857380,-45.00536370,CONSUMADO,BENS / VALORES DE TRANSEUNTE,VANTAGEM ECONOMICA
2016,5/12/2016,12/05/2016 21:40:00,QUINTA-FEIRA,-21.22521060,-45.00336050,CONSUMADO,BENS / VALORES DE TRANSEUNTE,VANTAGEM ECONOMICA
2016,5/16/2016,16/05/2016 19:00:00,SEGUNDA-FEIRA,-21.22715010,-44.99859620,CONSUMADO,BENS / VALORES DE TRANSEUNTE,IGNORADO
2016,5/21/2016,21/05/2016 09:10:00,SÁBADO,-21.22583300,-44.99333300,CONSUMADO,BENS/VALORES DE PROPRIETARIO/FUNCIONARIO DE ESTABELECIMENTO,IGNORADO
2016,5/21/2016,21/05/2016 21:26:00,SÁBADO,-21.25637250,-45.01496970,CONSUMADO,BENS / VALORES DE MOTORISTA / PASSAGEIRO DE VEICULO PARTICULAR,IGNORADO
2016,5/27/2016,27/05/2016 14:40:00,SEXTA-FEIRA,-21.21158470,-44.99624130,CONSUMADO,BENS / VALORES DE ESTABELECIMENTO /PESSOA JURIDICA,VANTAGEM ECONOMICA
2016,5/27/2016,27/05/2016 21:45:00,SEXTA-FEIRA,-21.25372560,-44.99695810,CONSUMADO,BENS / VALORES DE TRANSEUNTE,VANTAGEM ECONOMICA
2016,5/30/2016,30/05/2016 09:15:00,SEGUNDA-FEIRA,-21.21045080,-44.99958240,CONSUMADO,BENS / VALORES DE MOTORISTA / PASSAGEIRO DE VEICULO PARTICULAR,VANTAGEM ECONOMICA
2016,6/1/2016,01/06/2016 21:38:00,QUARTA-FEIRA,-21.24362170,-44.99451720,TENTADO,BENS / VALORES DE TRANSEUNTE,VANTAGEM ECONOMICA
2016,6/8/2016,08/06/2016 22:42:00,QUARTA-FEIRA,-21.23236980,-45.00804890,CONSUMADO,BENS / VALORES DE TRANSEUNTE,VANTAGEM ECONOMICA
2016,6/11/2016,11/06/2016 06:20:00,SÁBADO,-21.22741670,-44.99927650,TENTADO,BENS/VALORES DE PROPRIETARIO/FUNCIONARIO DE ESTABELECIMENTO,VANTAGEM ECONOMICA
2016,6/12/2016,12/06/2016 04:00:00,DOMINGO,-21.25690640,-45.00412390,CONSUMADO,BENS / VALORES DE TRANSEUNTE,IGNORADO
2016,6/12/2016,12/06/2016 05:45:00,DOMINGO,-21.24000990,-44.99960160,CONSUMADO,BENS / VALORES DE TRANSEUNTE,VANTAGEM ECONOMICA
2016,6/16/2016,16/06/2016 15:30:00,QUINTA-FEIRA,-21.24067080,-45.02205380,CONSUMADO,BENS / VALORES DE TRANSEUNTE,IGNORADO
2016,6/25/2016,25/06/2016 00:49:00,SÁBADO,-21.23445090,-44.99407850,CONSUMADO,BENS / VALORES DE TRANSEUNTE,ENVOLVIMENTO COM DROGAS
2016,7/4/2016,04/07/2016 22:00:00,SEGUNDA-FEIRA,-21.23598060,-45.02623610,CONSUMADO,BENS / VALORES DE TRANSEUNTE,OUTRAS MOTIVACOES/CAUSAS 
2016,7/5/2016,05/07/2016 19:06:00,TERÇA-FEIRA,-21.25300300,-45.00397290,CONSUMADO,BENS / VALORES DE TRANSEUNTE,IGNORADO
2016,7/7/2016,07/07/2016 06:00:00,QUINTA-FEIRA,-21.24956700,-45.00998770,CONSUMADO,BENS/VALORES DE MORADOR / VISITANTE DE RESIDENCIA,VANTAGEM ECONOMICA
2016,7/8/2016,08/07/2016 23:35:00,SEXTA-FEIRA,-21.24769550,-45.00524700,CONSUMADO,BENS / VALORES DE TRANSEUNTE,ENVOLVIMENTO COM DROGAS
2016,7/13/2016,13/07/2016 07:20:00,QUARTA-FEIRA,-21.24925820,-45.00543580,CONSUMADO,BENS / VALORES DE TRANSEUNTE,VANTAGEM ECONOMICA
2016,7/13/2016,13/07/2016 12:18:00,QUARTA-FEIRA,-21.24595890,-45.00262910,TENTADO,BENS / VALORES DE TRANSEUNTE,VANTAGEM ECONOMICA
2016,7/15/2016,15/07/2016 23:40:00,SEXTA-FEIRA,-21.24826530,-45.00355090,CONSUMADO,BENS / VALORES DE TRANSEUNTE,VANTAGEM ECONOMICA
2016,7/17/2016,17/07/2016 02:00:00,DOMINGO,-21.24063590,-44.98887310,CONSUMADO,BENS / VALORES DE TRANSEUNTE,ENVOLVIMENTO COM DROGAS
2016,7/21/2016,21/07/2016 20:20:00,QUINTA-FEIRA,-21.26391770,-44.99412030,CONSUMADO,BENS / VALORES DE MOTORISTA / PASSAGEIRO DE VEICULO PARTICULAR,VANTAGEM ECONOMICA
2016,7/25/2016,25/07/2016 19:47:00,SEGUNDA-FEIRA,-21.24089540,-45.00227140,CONSUMADO,BENS / VALORES DE TRANSEUNTE,VANTAGEM ECONOMICA
2016,7/25/2016,25/07/2016 21:40:00,SEGUNDA-FEIRA,-21.22764510,-45.00952400,CONSUMADO,BENS/VALORES DE PROPRIETARIO/FUNCIONARIO DE ESTABELECIMENTO,VANTAGEM ECONOMICA
2016,7/26/2016,26/07/2016 19:05:00,TERÇA-FEIRA,-21.24315990,-45.00185520,CONSUMADO,BENS / VALORES DE TRANSEUNTE,VANTAGEM ECONOMICA
2016,7/27/2016,27/07/2016 20:30:00,QUARTA-FEIRA,-21.24362820,-45.00146730,TENTADO,BENS / VALORES DE TRANSEUNTE,VANTAGEM ECONOMICA
2016,7/28/2016,28/07/2016 18:30:00,QUINTA-FEIRA,-21.23662920,-45.02412970,TENTADO,BENS / VALORES DE TRANSEUNTE,VANTAGEM ECONOMICA
2016,7/29/2016,29/07/2016 20:15:00,SEXTA-FEIRA,-21.24486470,-44.99887840,TENTADO,BENS / VALORES DE TRANSEUNTE,VANTAGEM ECONOMICA
2016,8/4/2016,04/08/2016 21:45:00,QUINTA-FEIRA,-21.24678030,-45.01480750,CONSUMADO,BENS / VALORES DE TRANSEUNTE,IGNORADO
2016,8/8/2016,08/08/2016 20:30:00,SEGUNDA-FEIRA,-21.24455140,-44.99437290,CONSUMADO,BENS / VALORES DE TRANSEUNTE,VANTAGEM ECONOMICA
2016,8/11/2016,11/08/2016 20:24:00,QUINTA-FEIRA,-21.22694050,-45.00267010,CONSUMADO,BENS / VALORES DE TRANSEUNTE,IGNORADO
2016,8/11/2016,11/08/2016 19:40:00,QUINTA-FEIRA,-21.23943650,-44.99527750,CONSUMADO,BENS / VALORES DE TRANSEUNTE,VANTAGEM ECONOMICA
2016,8/12/2016,12/08/2016 20:20:00,SEXTA-FEIRA,-21.23902050,-45.00024110,CONSUMADO,BENS / VALORES DE TRANSEUNTE,VANTAGEM ECONOMICA
2016,8/14/2016,14/08/2016 20:50:00,DOMINGO,-21.24510050,-44.99930330,CONSUMADO,BENS / VALORES DE TRANSEUNTE,VANTAGEM ECONOMICA
2016,8/16/2016,16/08/2016 23:56:00,TERÇA-FEIRA,-21.23445090,-44.99407850,CONSUMADO,BENS / VALORES DE TRANSEUNTE,OUTRAS MOTIVACOES/CAUSAS 
2016,8/21/2016,21/08/2016 03:00:00,DOMINGO,-21.29132750,-45.06838710,CONSUMADO,BENS / VALORES DE TRANSEUNTE,BRIGA / ATRITO
2016,8/27/2016,27/08/2016 05:00:00,SÁBADO,-21.23497190,-44.99244500,CONSUMADO,BENS / VALORES DE TRANSEUNTE,VANTAGEM ECONOMICA
2016,9/3/2016,03/09/2016 23:08:00,SÁBADO,-21.25400310,-45.00751430,CONSUMADO,BENS / VALORES DE TRANSEUNTE,VANTAGEM ECONOMICA
2016,9/7/2016,07/09/2016 23:45:00,QUARTA-FEIRA,-21.24726440,-44.99695990,TENTADO,BENS / VALORES DE TRANSEUNTE,IGNORADO
2016,9/8/2016,08/09/2016 07:32:00,QUINTA-FEIRA,-21.25482630,-44.99307660,CONSUMADO,BENS / VALORES DE TRANSEUNTE,OUTRAS MOTIVACOES/CAUSAS 
2016,9/8/2016,08/09/2016 23:55:00,QUINTA-FEIRA,-21.24186600,-44.99223150,CONSUMADO,BENS / VALORES DE TRANSEUNTE,IGNORADO
2016,9/12/2016,12/09/2016 18:24:00,SEGUNDA-FEIRA,-21.24779920,-44.99107240,CONSUMADO,BENS / VALORES DE TRANSEUNTE,VANTAGEM ECONOMICA
2016,9/13/2016,13/09/2016 23:30:00,TERÇA-FEIRA,-21.22790910,-45.00164290,CONSUMADO,BENS / VALORES DE TRANSEUNTE,VANTAGEM ECONOMICA
2016,9/16/2016,16/09/2016 19:30:00,SEXTA-FEIRA,-21.27187170,-44.97242280,CONSUMADO,BENS / VALORES DE TRANSEUNTE,OUTRAS MOTIVACOES/CAUSAS 
2016,9/17/2016,17/09/2016 09:25:00,SÁBADO,-21.25463250,-45.00351530,CONSUMADO,BENS / VALORES DE TRANSEUNTE,VANTAGEM ECONOMICA
2016,9/17/2016,17/09/2016 19:00:00,SÁBADO,-21.24423520,-45.01658220,CONSUMADO,BENS / VALORES DE TRANSEUNTE,VANTAGEM ECONOMICA
2016,9/20/2016,20/09/2016 00:15:00,TERÇA-FEIRA,-21.23394750,-44.99396540,TENTADO,BENS / VALORES DE TRANSEUNTE,VANTAGEM ECONOMICA
2016,9/21/2016,21/09/2016 22:20:00,QUARTA-FEIRA,-21.25050540,-44.98550500,TENTADO,BENS / VALORES DE TRANSEUNTE,VANTAGEM ECONOMICA
2016,9/26/2016,26/09/2016 02:00:00,SEGUNDA-FEIRA,-21.23663730,-44.99387440,CONSUMADO,BENS / VALORES DE TRANSEUNTE,VANTAGEM ECONOMICA
2016,10/1/2016,01/10/2016 19:25:00,SÁBADO,-21.23266010,-45.02160700,CONSUMADO,BENS / VALORES DE TRANSEUNTE,VANTAGEM ECONOMICA
2016,10/3/2016,03/10/2016 02:07:00,SEGUNDA-FEIRA,-21.24186600,-44.99223150,CONSUMADO,BENS / VALORES DE TRANSEUNTE,IGNORADO
2016,10/4/2016,04/10/2016 11:05:00,TERÇA-FEIRA,-21.26325200,-44.99475960,TENTADO,BENS/VALORES DE MORADOR / VISITANTE DE RESIDENCIA,VANTAGEM ECONOMICA
2016,10/8/2016,08/10/2016 03:15:00,SÁBADO,-21.24444350,-45.00537680,TENTADO,BENS / VALORES DE TRANSEUNTE,OUTRAS MOTIVACOES/CAUSAS 
2016,10/8/2016,08/10/2016 05:00:00,SÁBADO,-21.24186600,-44.99223150,CONSUMADO,BENS / VALORES DE TRANSEUNTE,VANTAGEM ECONOMICA
2016,10/13/2016,13/10/2016 22:31:00,QUINTA-FEIRA,-21.23876690,-44.99293850,TENTADO,BENS / VALORES DE TRANSEUNTE,IGNORADO
2016,10/18/2016,18/10/2016 00:10:00,TERÇA-FEIRA,-21.25334550,-44.98010650,CONSUMADO,OUTROS BENS / VALORES EM OUTRO LOCAL (ESPECIFICAR,IGNORADO
2016,10/18/2016,18/10/2016 05:30:00,TERÇA-FEIRA,-21.25530040,-45.00007810,CONSUMADO,BENS / VALORES DE TRANSEUNTE,IGNORADO
2016,10/22/2016,22/10/2016 02:45:00,SÁBADO,-21.23674700,-44.99377190,CONSUMADO,BENS / VALORES DE TRANSEUNTE,VANTAGEM ECONOMICA
2016,11/4/2016,04/11/2016 14:30:00,SEXTA-FEIRA,-21.26972220,-45.06305560,CONSUMADO,OUTROS BENS / VALORES EM OUTRO LOCAL (ESPECIFICAR,VANTAGEM ECONOMICA
2016,11/8/2016,08/11/2016 16:35:00,TERÇA-FEIRA,-21.22510600,-45.00160310,CONSUMADO,BENS / VALORES DE TRANSEUNTE,VANTAGEM ECONOMICA
2016,11/9/2016,09/11/2016 23:09:00,QUARTA-FEIRA,-21.22962960,-44.99895050,CONSUMADO,BENS / VALORES DE TRANSEUNTE,VANTAGEM ECONOMICA
2016,11/10/2016,10/11/2016 02:00:00,QUINTA-FEIRA,-21.24899890,-44.99141180,CONSUMADO,BENS / VALORES DE TRANSEUNTE,OUTRAS MOTIVACOES/CAUSAS 
2016,11/11/2016,11/11/2016 20:10:00,SEXTA-FEIRA,-21.26939490,-44.97249930,TENTADO,BENS / VALORES DE MOTORISTA / COBRADOR DE TRANSPORTE COLETIVO,OUTRAS MOTIVACOES/CAUSAS 
2016,11/17/2016,17/11/2016 12:47:00,QUINTA-FEIRA,-21.23879750,-45.00543000,CONSUMADO,BENS / VALORES DE TRANSEUNTE,VANTAGEM ECONOMICA
2016,11/19/2016,19/11/2016 06:20:00,SÁBADO,-21.23480520,-44.99677280,CONSUMADO,VEICULO OU EMBARCACAO (ESPECIFICAR NA ABA VEICULOS),VANTAGEM ECONOMICA
2016,11/20/2016,20/11/2016 21:25:00,DOMINGO,-21.23512460,-44.97950660,CONSUMADO,VEICULO OU EMBARCACAO (ESPECIFICAR NA ABA VEICULOS),VANTAGEM ECONOMICA
2016,11/25/2016,25/11/2016 00:45:00,SEXTA-FEIRA,-21.25028760,-45.00334160,CONSUMADO,BENS / VALORES DE TRANSEUNTE,IGNORADO
2016,11/25/2016,25/11/2016 13:30:00,SEXTA-FEIRA,-21.24625480,-45.00087950,CONSUMADO,BENS / VALORES DE TRANSEUNTE,IGNORADO
2016,11/26/2016,26/11/2016 20:10:00,SÁBADO,-21.22496140,-45.13141930,CONSUMADO,VEICULO OU EMBARCACAO (ESPECIFICAR NA ABA VEICULOS),IGNORADO
2016,11/27/2016,27/11/2016 00:00:00,DOMINGO,-21.26782670,-44.98096120,CONSUMADO,BENS / VALORES DE TRANSEUNTE,VANTAGEM ECONOMICA
2016,11/27/2016,27/11/2016 00:00:00,DOMINGO,-21.26782670,-44.98096120,CONSUMADO,BENS / VALORES DE TRANSEUNTE,VANTAGEM ECONOMICA
2016,12/1/2016,01/12/2016 00:59:00,QUINTA-FEIRA,-21.24186600,-44.99223150,CONSUMADO,BENS / VALORES DE TRANSEUNTE,VANTAGEM ECONOMICA
2016,12/2/2016,02/12/2016 11:00:00,SEXTA-FEIRA,-21.25041500,-45.00334030,TENTADO,VEICULO OU EMBARCACAO (ESPECIFICAR NA ABA VEICULOS),VANTAGEM ECONOMICA
2016,12/4/2016,04/12/2016 01:00:00,DOMINGO,-21.31444440,-45.09388890,CONSUMADO,VEICULO OU EMBARCACAO (ESPECIFICAR NA ABA VEICULOS),VANTAGEM ECONOMICA
2016,12/6/2016,06/12/2016 20:40:00,TERÇA-FEIRA,-21.24629130,-44.99465840,TENTADO,BENS / VALORES DE TRANSEUNTE,VANTAGEM ECONOMICA
2016,12/9/2016,09/12/2016 21:34:00,SEXTA-FEIRA,-21.25241730,-45.00390150,CONSUMADO,BENS / VALORES DE TRANSEUNTE,VANTAGEM ECONOMICA
2016,12/12/2016,12/12/2016 00:10:00,SEGUNDA-FEIRA,-21.23557520,-45.02048450,CONSUMADO,BENS / VALORES DE MOTORISTA / PASSAGEIRO DE VEICULO PARTICULAR,VANTAGEM ECONOMICA
2016,12/28/2016,28/12/2016 17:15:00,QUARTA-FEIRA,-21.18601270,-45.10931810,TENTADO,OUTROS BENS / VALORES EM OUTRO LOCAL (ESPECIFICAR,VANTAGEM ECONOMICA
2016,12/29/2016,29/12/2016 15:38:00,QUINTA-FEIRA,-21.23457090,-45.00960090,CONSUMADO,BENS / VALORES DE MOTORISTA / PASSAGEIRO DE VEICULO PARTICULAR,VANTAGEM ECONOMICA
2017,1/1/2017,01/01/2017 03:00:00,DOMINGO,-21.23632760,-44.97748950,CONSUMADO,BENS / VALORES DE TRANSEUNTE,IGNORADO
2017,1/3/2017,03/01/2017 22:13:00,TERÇA-FEIRA,-21.24835300,-45.00260800,CONSUMADO,BENS / VALORES DE TRANSEUNTE,OUTRAS MOTIVACOES/CAUSAS 
2017,1/7/2017,07/01/2017 17:40:00,SÁBADO,-21.24572920,-45.01949650,CONSUMADO,BENS / VALORES DE MOTORISTA / COBRADOR DE TRANSPORTE COLETIVO,VANTAGEM ECONOMICA
2017,1/10/2017,10/01/2017 22:30:00,TERÇA-FEIRA,-21.26228410,-44.98565930,CONSUMADO,BENS / VALORES DE TRANSEUNTE,IGNORADO
2017,1/12/2017,12/01/2017 10:00:00,QUINTA-FEIRA,-21.32292010,-45.16611090,CONSUMADO,BENS / VALORES DE MOTORISTA / PASSAGEIRO DE VEICULO PARTICULAR,ACAO DE GANGUES / FACCOES CRIMINOSAS
2017,1/16/2017,16/01/2017 21:45:00,SEGUNDA-FEIRA,-21.24813890,-45.01157400,CONSUMADO,BENS / VALORES DE TRANSEUNTE,IGNORADO
2017,1/18/2017,18/01/2017 23:19:00,QUARTA-FEIRA,-21.25259610,-44.99200290,CONSUMADO,BENS / VALORES DE MOTORISTA / PASSAGEIRO DE VEICULO PARTICULAR,VANTAGEM ECONOMICA
2017,1/20/2017,20/01/2017 00:01:00,SEXTA-FEIRA,-21.23577270,-44.99707420,CONSUMADO,BENS / VALORES DE TRANSEUNTE,VANTAGEM ECONOMICA
2017,1/23/2017,23/01/2017 02:15:00,SEGUNDA-FEIRA,-21.24978190,-45.00334840,TENTADO,BENS / VALORES DE ESTABELECIMENTO /PESSOA JURIDICA,VANTAGEM ECONOMICA
2017,1/24/2017,24/01/2017 11:30:00,TERÇA-FEIRA,-21.26111100,-45.01666700,CONSUMADO,BENS / VALORES DE TRANSEUNTE,VANTAGEM ECONOMICA
2017,1/24/2017,24/01/2017 16:30:00,TERÇA-FEIRA,-21.22680460,-45.04839130,CONSUMADO,BENS / VALORES DE TRANSEUNTE,IGNORADO
2017,1/30/2017,30/01/2017 14:12:00,SEGUNDA-FEIRA,-21.24769920,-45.00067030,CONSUMADO,BENS / VALORES DE MOTORISTA / PASSAGEIRO DE VEICULO PARTICULAR,VANTAGEM ECONOMICA
2017,1/30/2017,30/01/2017 21:49:00,SEGUNDA-FEIRA,-21.22743590,-44.98078190,CONSUMADO,BENS / VALORES DE TRANSEUNTE,VANTAGEM ECONOMICA
2017,2/1/2017,01/02/2017 17:15:00,QUARTA-FEIRA,-21.25447640,-45.00365080,TENTADO,BENS / VALORES DE TRANSEUNTE,VANTAGEM ECONOMICA
2017,2/2/2017,02/02/2017 20:46:00,QUINTA-FEIRA,-21.24922550,-45.00411910,CONSUMADO,BENS/VALORES DE PROPRIETARIO/FUNCIONARIO DE ESTABELECIMENTO,VANTAGEM ECONOMICA
2017,2/4/2017,04/02/2017 06:39:00,SÁBADO,-21.23874400,-44.99238550,TENTADO,BENS / VALORES DE TRANSEUNTE,ENVOLVIMENTO COM DROGAS
2017,2/14/2017,14/02/2017 02:35:00,TERÇA-FEIRA,-21.24491750,-44.99982290,TENTADO,BENS / VALORES DE MOTORISTA / PASSAGEIRO DE VEICULO PARTICULAR,IGNORADO
2017,2/23/2017,23/02/2017 01:42:00,QUINTA-FEIRA,-21.24899890,-44.99141180,CONSUMADO,BENS / VALORES DE TRANSEUNTE,OUTRAS MOTIVACOES/CAUSAS 
2017,2/25/2017,25/02/2017 02:20:00,SÁBADO,-21.24388850,-44.99968650,CONSUMADO,BENS / VALORES DE TRANSEUNTE,VANTAGEM ECONOMICA
2017,2/26/2017,26/02/2017 18:10:00,DOMINGO,-21.22696360,-45.00418340,CONSUMADO,BENS / VALORES DE MOTORISTA / PASSAGEIRO DE VEICULO PARTICULAR,VANTAGEM ECONOMICA
2017,3/1/2017,01/03/2017 05:00:00,QUARTA-FEIRA,-21.23040130,-45.00661340,CONSUMADO,MOTORISTA DE TAXI,VANTAGEM ECONOMICA
2017,3/1/2017,01/03/2017 17:40:00,QUARTA-FEIRA,-21.24657600,-45.03363390,CONSUMADO,BENS / VALORES DE TRANSEUNTE,IGNORADO
2017,3/4/2017,04/03/2017 02:43:00,SÁBADO,-21.23512090,-44.99416810,CONSUMADO,BENS / VALORES DE TRANSEUNTE,ENVOLVIMENTO COM DROGAS
2017,3/4/2017,04/03/2017 05:03:00,SÁBADO,-21.24127580,-44.99957590,TENTADO,BENS / VALORES DE TRANSEUNTE,ENVOLVIMENTO COM DROGAS
2017,3/16/2017,16/03/2017 19:30:00,QUINTA-FEIRA,-21.24417690,-45.00692190,CONSUMADO,BENS / VALORES DE TRANSEUNTE,IGNORADO
2017,3/18/2017,18/03/2017 00:40:00,SÁBADO,-21.26533333,-45.00755556,TENTADO,VEICULO OU EMBARCACAO (ESPECIFICAR NA ABA VEICULOS),IGNORADO
2017,3/18/2017,18/03/2017 05:04:00,SÁBADO,-21.23663550,-44.99036670,CONSUMADO,BENS / VALORES DE TRANSEUNTE,VANTAGEM ECONOMICA
2017,3/21/2017,21/03/2017 18:04:00,TERÇA-FEIRA,-21.24769444,-45.01275000,CONSUMADO,BENS / VALORES DE TRANSEUNTE,IGNORADO
2017,3/23/2017,23/03/2017 21:38:00,QUINTA-FEIRA,-21.24139420,-44.99973420,CONSUMADO,BENS / VALORES DE TRANSEUNTE,VANTAGEM ECONOMICA
2017,3/26/2017,26/03/2017 21:30:00,DOMINGO,-21.24782940,-45.00444960,CONSUMADO,BENS / VALORES DE TRANSEUNTE,IGNORADO
2017,4/7/2017,07/04/2017 22:50:00,SEXTA-FEIRA,-21.23963950,-45.00257790,CONSUMADO,BENS / VALORES DE TRANSEUNTE,ENVOLVIMENTO COM DROGAS
2017,4/14/2017,14/04/2017 07:00:00,SEXTA-FEIRA,-21.22741670,-44.99927650,TENTADO,BENS / VALORES DE TRANSEUNTE,VANTAGEM ECONOMICA
2017,5/2/2017,02/05/2017 11:30:00,TERÇA-FEIRA,-21.28027778,-45.00938889,CONSUMADO,BENS / VALORES DE MOTORISTA / PASSAGEIRO DE VEICULO PARTICULAR,VANTAGEM ECONOMICA
2017,5/2/2017,02/05/2017 11:41:00,TERÇA-FEIRA,-21.28027778,-45.00938889,CONSUMADO,BENS / VALORES DE MOTORISTA / PASSAGEIRO DE VEICULO PARTICULAR,VANTAGEM ECONOMICA
2017,5/8/2017,08/05/2017 06:45:00,SEGUNDA-FEIRA,-21.24286690,-44.99892020,CONSUMADO,BENS / VALORES DE TRANSEUNTE,OUTRAS MOTIVACOES/CAUSAS 
2017,5/9/2017,09/05/2017 12:13:00,TERÇA-FEIRA,-21.25390580,-45.00536200,CONSUMADO,BENS / VALORES DE PASSAGEIRO DE TRANSPORTE COLETIVO,VANTAGEM ECONOMICA
2017,5/10/2017,10/05/2017 12:45:00,QUARTA-FEIRA,-21.23340110,-44.99913810,CONSUMADO,BENS / VALORES DE MOTORISTA / PASSAGEIRO DE VEICULO PARTICULAR,IGNORADO
2017,5/11/2017,11/05/2017 10:00:00,QUINTA-FEIRA,-21.18528560,-45.11566970,CONSUMADO,BENS / VALORES DE MOTORISTA / PASSAGEIRO DE VEICULO PARTICULAR,VANTAGEM ECONOMICA
2017,5/12/2017,12/05/2017 07:10:00,SEXTA-FEIRA,-21.25092070,-44.99767010,CONSUMADO,BENS / VALORES DE TRANSEUNTE,IGNORADO
2017,5/18/2017,18/05/2017 19:00:00,QUINTA-FEIRA,-21.23625610,-45.02640140,CONSUMADO,BENS / VALORES DE TRANSEUNTE,IGNORADO
2017,5/23/2017,23/05/2017 06:30:00,TERÇA-FEIRA,-21.23496400,-45.00477510,CONSUMADO,BENS / VALORES DE TRANSEUNTE,VANTAGEM ECONOMICA
2017,5/23/2017,23/05/2017 22:00:00,TERÇA-FEIRA,-21.22209880,-45.00484500,CONSUMADO,BENS/VALORES DE PROPRIETARIO/FUNCIONARIO DE ESTABELECIMENTO,IGNORADO
2017,5/24/2017,24/05/2017 15:45:00,QUARTA-FEIRA,-21.15955500,-45.05057180,CONSUMADO,BENS/VALORES DE PROPRIETARIO/FUNCIONARIO DE ESTABELECIMENTO,VANTAGEM ECONOMICA
2017,6/2/2017,02/06/2017 22:30:00,SEXTA-FEIRA,-21.20980690,-44.98874770,CONSUMADO,BENS / VALORES DE TRANSEUNTE,ENVOLVIMENTO COM DROGAS
2017,6/3/2017,03/06/2017 03:20:00,SÁBADO,-21.23743540,-44.99010140,CONSUMADO,BENS / VALORES DE TRANSEUNTE,IGNORADO
2017,6/5/2017,05/06/2017 21:20:00,SEGUNDA-FEIRA,-21.23867680,-44.99535600,CONSUMADO,BENS / VALORES DE TRANSEUNTE,VANTAGEM ECONOMICA
2017,6/5/2017,05/06/2017 21:30:00,SEGUNDA-FEIRA,-21.25525000,-44.98530556,CONSUMADO,BENS / VALORES DE TRANSEUNTE,VANTAGEM ECONOMICA
2017,6/6/2017,06/06/2017 21:07:00,TERÇA-FEIRA,-21.24684680,-44.99390080,CONSUMADO,BENS / VALORES DE TRANSEUNTE,IGNORADO
2017,6/13/2017,13/06/2017 20:30:00,TERÇA-FEIRA,-21.24360060,-45.01173910,CONSUMADO,BENS / VALORES DE TRANSEUNTE,IGNORADO
2017,6/17/2017,17/06/2017 00:01:00,SÁBADO,-21.24835300,-45.00260800,CONSUMADO,BENS / VALORES DE TRANSEUNTE,VANTAGEM ECONOMICA
2017,6/17/2017,17/06/2017 21:25:00,SÁBADO,-21.24924960,-45.00221470,CONSUMADO,BENS / VALORES DE TRANSEUNTE,VANTAGEM ECONOMICA
2017,6/20/2017,20/06/2017 07:30:00,TERÇA-FEIRA,-21.22440450,-44.99033460,CONSUMADO,BENS / VALORES DE TRANSEUNTE,IGNORADO
2017,6/21/2017,21/06/2017 11:00:00,QUARTA-FEIRA,-21.23553820,-45.02460980,CONSUMADO,BENS / VALORES DE TRANSEUNTE,VANTAGEM ECONOMICA
2017,6/24/2017,24/06/2017 19:30:00,SÁBADO,-21.26672350,-44.98395520,CONSUMADO,BENS / VALORES DE TRANSEUNTE,IGNORADO
2017,6/30/2017,30/06/2017 16:22:00,SEXTA-FEIRA,-21.25422410,-45.00860730,CONSUMADO,BENS / VALORES DE ESTABELECIMENTO /PESSOA JURIDICA,VANTAGEM ECONOMICA
2017,7/1/2017,01/07/2017 19:05:00,SÁBADO,-21.26244840,-44.99838180,TENTADO,BENS / VALORES DE TRANSEUNTE,OUTRAS MOTIVACOES/CAUSAS 
2017,7/6/2017,06/07/2017 21:23:00,QUINTA-FEIRA,-21.23455440,-44.99620050,CONSUMADO,BENS / VALORES DE TRANSEUNTE,VANTAGEM ECONOMICA
2017,7/7/2017,07/07/2017 20:38:00,SEXTA-FEIRA,-21.21215660,-44.99837700,CONSUMADO,BENS / VALORES DE MOTORISTA / PASSAGEIRO DE VEICULO PARTICULAR,VANTAGEM ECONOMICA
2017,7/8/2017,08/07/2017 21:20:00,SÁBADO,-21.24760950,-45.00549230,CONSUMADO,BENS / VALORES DE TRANSEUNTE,IGNORADO
2017,7/9/2017,09/07/2017 18:32:00,DOMINGO,-21.23687870,-45.02417890,TENTADO,BENS / VALORES DE TRANSEUNTE,VANTAGEM ECONOMICA
2017,7/17/2017,17/07/2017 20:52:00,SEGUNDA-FEIRA,-21.23833020,-44.99499730,CONSUMADO,BENS / VALORES DE TRANSEUNTE,OUTRAS MOTIVACOES/CAUSAS 
2017,7/17/2017,17/07/2017 22:40:00,SEGUNDA-FEIRA,-21.24502170,-44.98408590,CONSUMADO,BENS / VALORES DE TRANSEUNTE,OUTRAS MOTIVACOES/CAUSAS 
2017,7/17/2017,17/07/2017 22:42:00,SEGUNDA-FEIRA,-21.25302700,-45.00575370,CONSUMADO,BENS / VALORES DE TRANSEUNTE,VANTAGEM ECONOMICA
2017,7/31/2017,31/07/2017 00:02:00,SEGUNDA-FEIRA,-21.23578200,-44.99698010,CONSUMADO,BENS / VALORES DE TRANSEUNTE,VANTAGEM ECONOMICA
2017,7/31/2017,31/07/2017 05:50:00,SEGUNDA-FEIRA,-21.22277170,-44.99926630,CONSUMADO,BENS / VALORES DE TRANSEUNTE,VANTAGEM ECONOMICA
2017,7/31/2017,31/07/2017 16:37:00,SEGUNDA-FEIRA,-21.26111100,-45.01666700,CONSUMADO,BENS / VALORES DE MOTORISTA / PASSAGEIRO DE VEICULO PARTICULAR,IGNORADO
2017,8/1/2017,01/08/2017 21:15:00,TERÇA-FEIRA,-21.24699350,-44.99895800,CONSUMADO,BENS / VALORES DE TRANSEUNTE,IGNORADO
2017,8/4/2017,04/08/2017 23:47:00,SEXTA-FEIRA,-21.23873270,-44.99692060,CONSUMADO,BENS / VALORES DE TRANSEUNTE,IGNORADO
2017,8/6/2017,06/08/2017 20:01:00,DOMINGO,-21.25607210,-45.00813540,CONSUMADO,BENS / VALORES DE TRANSEUNTE,OUTRAS MOTIVACOES/CAUSAS 
2017,8/12/2017,12/08/2017 20:40:00,SÁBADO,-21.25463250,-45.00351530,TENTADO,BENS / VALORES DE TRANSEUNTE,VANTAGEM ECONOMICA
2017,8/13/2017,13/08/2017 05:45:00,DOMINGO,-21.24736960,-45.00699510,CONSUMADO,VEICULO OU EMBARCACAO (ESPECIFICAR NA ABA VEICULOS),VANTAGEM ECONOMICA
2017,8/21/2017,21/08/2017 21:50:00,SEGUNDA-FEIRA,-21.23226430,-44.99602720,CONSUMADO,BENS / VALORES DE TRANSEUNTE,OUTRAS MOTIVACOES/CAUSAS 
2017,8/25/2017,25/08/2017 20:20:00,SEXTA-FEIRA,-21.23833020,-44.99499730,CONSUMADO,BENS / VALORES DE TRANSEUNTE,VANTAGEM ECONOMICA
2017,8/30/2017,30/08/2017 22:24:12,QUARTA-FEIRA,-21.24159110,-45.02493760,CONSUMADO,MOTORISTA DE TAXI,OUTRAS MOTIVACOES/CAUSAS 
2017,9/9/2017,09/09/2017 03:12:02,SÁBADO,-21.24953750,-45.00195820,CONSUMADO,BENS / VALORES DE TRANSEUNTE,VANTAGEM ECONOMICA
2017,9/12/2017,12/09/2017 23:05:53,TERÇA-FEIRA,-21.26391770,-44.99412030,CONSUMADO,MOTORISTA DE TAXI,VANTAGEM ECONOMICA
2017,9/14/2017,14/09/2017 05:30:00,QUINTA-FEIRA,-21.26219060,-44.99506610,CONSUMADO,BENS / VALORES DE TRANSEUNTE,VANTAGEM ECONOMICA
2017,9/16/2017,16/09/2017 22:30:00,SÁBADO,-21.23517960,-44.97945580,CONSUMADO,BENS / VALORES DE TRANSEUNTE,ACAO DE GANGUES / FACCOES CRIMINOSAS
2017,9/25/2017,25/09/2017 21:47:50,SEGUNDA-FEIRA,-21.22583770,-44.99996390,CONSUMADO,BENS / VALORES DE TRANSEUNTE,VANTAGEM ECONOMICA
2017,9/30/2017,30/09/2017 02:54:11,SÁBADO,-21.24953380,-45.00319320,CONSUMADO,BENS / VALORES DE TRANSEUNTE,IGNORADO
2017,10/3/2017,03/10/2017 19:09:55,TERÇA-FEIRA,-21.25328370,-44.99775580,CONSUMADO,BENS / VALORES DE TRANSEUNTE,VANTAGEM ECONOMICA
2017,10/9/2017,09/10/2017 21:17:10,SEGUNDA-FEIRA,-21.23373550,-44.99443190,TENTADO,BENS / VALORES DE TRANSEUNTE,VANTAGEM ECONOMICA
2017,10/20/2017,20/10/2017 02:42:19,SEXTA-FEIRA,-21.23632760,-44.97748950,TENTADO,BENS / VALORES DE TRANSEUNTE,IGNORADO
2017,11/6/2017,06/11/2017 21:53:08,SEGUNDA-FEIRA,-21.22706590,-45.00135820,CONSUMADO,BENS / VALORES DE ESTABELECIMENTO /PESSOA JURIDICA,VANTAGEM ECONOMICA
2017,11/13/2017,13/11/2017 09:00:00,SEGUNDA-FEIRA,-21.26088750,-44.98873410,CONSUMADO,BENS / VALORES DE TRANSEUNTE,IGNORADO
2017,11/18/2017,18/11/2017 16:55:00,SÁBADO,-21.24512560,-44.99241980,CONSUMADO,BENS / VALORES DE TRANSEUNTE,IGNORADO
2017,11/20/2017,20/11/2017 14:42:59,SEGUNDA-FEIRA,-21.24001500,-44.99823030,TENTADO,BENS / VALORES DE ESTABELECIMENTO /PESSOA JURIDICA,VANTAGEM ECONOMICA
2017,11/26/2017,26/11/2017 01:55:59,DOMINGO,-21.24451760,-45.01304170,CONSUMADO,BENS / VALORES DE TRANSEUNTE,IGNORADO
2017,11/27/2017,27/11/2017 00:46:55,SEGUNDA-FEIRA,-21.24927310,-45.00440350,CONSUMADO,BENS / VALORES DE MOTORISTA / COBRADOR DE TRANSPORTE COLETIVO,VANTAGEM ECONOMICA
2017,11/27/2017,27/11/2017 22:43:18,SEGUNDA-FEIRA,-21.25142000,-45.00489360,CONSUMADO,BENS / VALORES DE MOTORISTA / COBRADOR DE TRANSPORTE COLETIVO,VANTAGEM ECONOMICA
2017,11/30/2017,30/11/2017 23:19:22,QUINTA-FEIRA,-21.23645570,-44.99395710,TENTADO,BENS / VALORES DE TRANSEUNTE,VANTAGEM ECONOMICA
2017,12/6/2017,06/12/2017 20:22:48,QUARTA-FEIRA,-21.24637410,-45.00225380,CONSUMADO,BENS / VALORES DE TRANSEUNTE,VANTAGEM ECONOMICA
2017,12/8/2017,08/12/2017 00:30:00,SEXTA-FEIRA,-21.23952570,-45.00331490,CONSUMADO,BENS / VALORES DE TRANSEUNTE,VANTAGEM ECONOMICA
2017,12/14/2017,14/12/2017 02:00:12,QUINTA-FEIRA,-21.24111480,-44.98873080,CONSUMADO,BENS / VALORES DE TRANSEUNTE,VANTAGEM ECONOMICA
2017,12/14/2017,14/12/2017 22:10:21,QUINTA-FEIRA,-21.23650750,-44.99318310,CONSUMADO,BENS / VALORES DE TRANSEUNTE,IGNORADO
2017,12/16/2017,16/12/2017 05:05:00,SÁBADO,-21.23746330,-44.99286400,CONSUMADO,BENS / VALORES DE TRANSEUNTE,VANTAGEM ECONOMICA
2017,12/16/2017,16/12/2017 14:28:16,SÁBADO,-21.25809190,-45.00425400,CONSUMADO,MOTORISTA DE TAXI,VANTAGEM ECONOMICA
2018,1/5/2018,05/01/2018 21:30:35,SEXTA-FEIRA,-21.22947490,-45.00996690,CONSUMADO,BENS / VALORES DE TRANSEUNTE,IGNORADO
2018,1/8/2018,08/01/2018 21:17:25,SEGUNDA-FEIRA,-21.23719640,-44.99623280,CONSUMADO,BENS / VALORES DE TRANSEUNTE,IGNORADO
2018,1/18/2018,18/01/2018 22:52:58,QUINTA-FEIRA,-21.26472100,-44.99453780,CONSUMADO,VEICULO OU EMBARCACAO (ESPECIFICAR NA ABA VEICULOS),VANTAGEM ECONOMICA
2018,1/31/2018,31/01/2018 21:57:15,QUARTA-FEIRA,-21.23980770,-45.00836880,CONSUMADO,BENS / VALORES DE MOTORISTA / PASSAGEIRO DE VEICULO PARTICULAR,VANTAGEM ECONOMICA
2018,2/5/2018,05/02/2018 11:30:03,SEGUNDA-FEIRA,-21.23488160,-45.01202910,CONSUMADO,BENS/VALORES DE PROPRIETARIO/FUNCIONARIO DE ESTABELECIMENTO,VANTAGEM ECONOMICA
2018,2/8/2018,08/02/2018 01:23:32,QUINTA-FEIRA,-21.23773930,-44.99357870,TENTADO,BENS / VALORES DE TRANSEUNTE,VANTAGEM ECONOMICA
2018,2/8/2018,08/02/2018 18:42:50,QUINTA-FEIRA,-21.21105140,-44.99231590,CONSUMADO,BENS/VALORES DE PROPRIETARIO/FUNCIONARIO DE ESTABELECIMENTO,VANTAGEM ECONOMICA
2018,2/10/2018,10/02/2018 16:44:41,SÁBADO,-21.24613310,-44.99237330,TENTADO,BENS/VALORES DE MORADOR / VISITANTE DE RESIDENCIA,VANTAGEM ECONOMICA
2018,2/13/2018,13/02/2018 00:07:41,TERÇA-FEIRA,-21.24518390,-45.00630740,CONSUMADO,BENS / VALORES DE TRANSEUNTE,VANTAGEM ECONOMICA
2018,2/14/2018,14/02/2018 02:18:15,QUARTA-FEIRA,-21.25321680,-45.00359830,CONSUMADO,BENS / VALORES DE TRANSEUNTE,VANTAGEM ECONOMICA
2018,2/14/2018,14/02/2018 22:00:00,QUARTA-FEIRA,-21.23720930,-44.98196580,CONSUMADO,BENS/VALORES DE MORADOR / VISITANTE DE RESIDENCIA,VANTAGEM ECONOMICA
2018,2/24/2018,24/02/2018 00:52:45,SÁBADO,-21.23512060,-44.99341130,CONSUMADO,BENS / VALORES DE TRANSEUNTE,VANTAGEM ECONOMICA
2018,2/24/2018,24/02/2018 22:30:00,SÁBADO,-21.22521060,-45.00336050,CONSUMADO,BENS / VALORES DE TRANSEUNTE,VANTAGEM ECONOMICA
2018,3/3/2018,03/03/2018 06:37:17,SÁBADO,-21.26345880,-44.99022410,CONSUMADO,BENS / VALORES DE TRANSEUNTE,VANTAGEM ECONOMICA
2018,3/3/2018,03/03/2018 21:59:05,SÁBADO,-21.23518740,-44.99339160,CONSUMADO,BENS / VALORES DE TRANSEUNTE,OUTRAS MOTIVACOES/CAUSAS 
2018,3/3/2018,03/03/2018 23:15:35,SÁBADO,-21.27935080,-44.98255100,CONSUMADO,MOTORISTA DE TAXI,VANTAGEM ECONOMICA
2018,3/14/2018,14/03/2018 19:26:02,QUARTA-FEIRA,-21.25418390,-45.00418670,CONSUMADO,BENS / VALORES DE TRANSEUNTE,VANTAGEM ECONOMICA
2018,3/26/2018,26/03/2018 19:50:41,SEGUNDA-FEIRA,-21.25736840,-44.98451740,CONSUMADO,BENS / VALORES DE TRANSEUNTE,OUTRAS MOTIVACOES/CAUSAS 
2018,3/31/2018,31/03/2018 13:30:00,SÁBADO,-21.22680460,-45.04839130,CONSUMADO,CARGAS,VANTAGEM ECONOMICA
2018,4/13/2018,13/04/2018 18:08:49,SEXTA-FEIRA,-21.25611240,-44.99789330,CONSUMADO,BENS / VALORES DE TRANSEUNTE,VANTAGEM ECONOMICA
2018,4/20/2018,20/04/2018 20:55:13,SEXTA-FEIRA,-21.26180140,-44.98857710,CONSUMADO,BENS / VALORES DE TRANSEUNTE,VANTAGEM ECONOMICA
2018,5/9/2018,09/05/2018 03:33:58,QUARTA-FEIRA,-21.25511310,-44.99494170,CONSUMADO,BENS / VALORES DE TRANSEUNTE,IGNORADO
2018,5/12/2018,12/05/2018 15:04:23,SÁBADO,-21.27583330,-45.00972220,CONSUMADO,BENS / VALORES DE TRANSEUNTE,VANTAGEM ECONOMICA
2018,5/12/2018,12/05/2018 22:55:03,SÁBADO,-21.23418510,-44.99590900,CONSUMADO,VEICULO OU EMBARCACAO (ESPECIFICAR NA ABA VEICULOS),IGNORADO
2018,5/22/2018,22/05/2018 23:05:01,TERÇA-FEIRA,-21.25452440,-44.98871920,TENTADO,BENS / VALORES DE MOTORISTA / PASSAGEIRO DE VEICULO PARTICULAR,ENVOLVIMENTO COM DROGAS
2018,5/31/2018,31/05/2018 00:14:22,QUINTA-FEIRA,-21.24476380,-45.01822160,TENTADO,BENS / VALORES DE TRANSEUNTE,VANTAGEM ECONOMICA
2018,6/9/2018,09/06/2018 19:25:31,SÁBADO,-21.24629130,-44.99465840,TENTADO,BENS / VALORES DE TRANSEUNTE,IGNORADO
2018,6/9/2018,09/06/2018 03:00:00,SÁBADO,-21.26635880,-44.99284740,CONSUMADO,BENS / VALORES DE TRANSEUNTE,VANTAGEM ECONOMICA
2018,6/14/2018,14/06/2018 14:25:59,QUINTA-FEIRA,-21.26385790,-45.00395280,CONSUMADO,BENS / VALORES DE TRANSEUNTE,VANTAGEM ECONOMICA
2018,6/14/2018,14/06/2018 23:13:52,QUINTA-FEIRA,-21.23756260,-44.99547780,CONSUMADO,BENS / VALORES DE TRANSEUNTE,OUTRAS MOTIVACOES/CAUSAS 
2018,6/22/2018,22/06/2018 09:21:10,SEXTA-FEIRA,-21.24330040,-45.00193170,CONSUMADO,BENS / VALORES DE TRANSEUNTE,VANTAGEM ECONOMICA
2018,6/27/2018,27/06/2018 14:50:31,QUARTA-FEIRA,-21.18601270,-45.10931810,CONSUMADO,BENS / VALORES DE MOTORISTA / PASSAGEIRO DE VEICULO PARTICULAR,OUTRAS MOTIVACOES/CAUSAS 
2018,7/2/2018,02/07/2018 00:49:12,SEGUNDA-FEIRA,-21.24932290,-44.99206060,CONSUMADO,BENS / VALORES DE TRANSEUNTE,VANTAGEM ECONOMICA
2018,7/4/2018,04/07/2018 23:37:39,QUARTA-FEIRA,-21.25430580,-44.99682760,CONSUMADO,BENS / VALORES DE TRANSEUNTE,OUTRAS MOTIVACOES/CAUSAS 
2018,7/7/2018,07/07/2018 00:46:06,SÁBADO,-21.24990150,-45.00755810,CONSUMADO,BENS / VALORES DE TRANSEUNTE,VANTAGEM ECONOMICA
2018,7/11/2018,11/07/2018 11:52:58,QUARTA-FEIRA,-21.24429700,-45.00324250,CONSUMADO,BENS / VALORES DE TRANSEUNTE,VANTAGEM ECONOMICA
2018,7/18/2018,18/07/2018 12:37:39,QUARTA-FEIRA,-21.24861180,-45.00571200,CONSUMADO,BENS / VALORES DE TRANSEUNTE,ACAO DE GANGUES / FACCOES CRIMINOSAS
2018,7/20/2018,20/07/2018 16:00:31,SEXTA-FEIRA,-21.24553140,-44.99935220,CONSUMADO,BENS / VALORES DE ESTABELECIMENTO /PESSOA JURIDICA,VANTAGEM ECONOMICA
2018,7/31/2018,31/07/2018 20:30:00,TERÇA-FEIRA,-21.25326410,-45.00476630,CONSUMADO,BENS / VALORES DE TRANSEUNTE,IGNORADO
2018,8/3/2018,03/08/2018 17:15:00,SEXTA-FEIRA,-21.26872750,-44.97792310,CONSUMADO,VEICULO OU EMBARCACAO (ESPECIFICAR NA ABA VEICULOS),VANTAGEM ECONOMICA
2018,8/4/2018,04/08/2018 22:20:15,SÁBADO,-21.24539490,-45.00355940,CONSUMADO,BENS / VALORES DE TRANSEUNTE,ACAO DE GANGUES / FACCOES CRIMINOSAS
2018,8/6/2018,06/08/2018 07:39:18,SEGUNDA-FEIRA,-21.27126310,-44.98032890,CONSUMADO,BENS / VALORES DE MOTORISTA / PASSAGEIRO DE VEICULO PARTICULAR,IGNORADO
2018,8/6/2018,06/08/2018 13:30:00,SEGUNDA-FEIRA,-21.25783940,-44.99773420,CONSUMADO,BENS / VALORES DE TRANSEUNTE,IGNORADO
2018,8/16/2018,16/08/2018 02:44:14,QUINTA-FEIRA,-21.23918280,-44.99559390,CONSUMADO,BENS / VALORES DE TRANSEUNTE,VANTAGEM ECONOMICA
2018,8/16/2018,16/08/2018 02:40:56,QUINTA-FEIRA,-21.23642720,-44.99782770,CONSUMADO,BENS/VALORES DE MORADOR / VISITANTE DE RESIDENCIA,IGNORADO
2018,8/16/2018,16/08/2018 02:00:00,QUINTA-FEIRA,-21.24016830,-44.99615230,CONSUMADO,BENS / VALORES DE TRANSEUNTE,IGNORADO
2018,8/18/2018,18/08/2018 02:15:56,SÁBADO,-21.24641770,-45.01186720,TENTADO,BENS / VALORES DE TRANSEUNTE,VANTAGEM ECONOMICA
2018,8/24/2018,24/08/2018 01:32:49,SEXTA-FEIRA,-21.20841530,-45.00310700,CONSUMADO,MOTORISTA DE TAXI,OUTRAS MOTIVACOES/CAUSAS 
2018,8/25/2018,25/08/2018 23:30:00,SÁBADO,-21.23663550,-44.99036670,CONSUMADO,BENS / VALORES DE TRANSEUNTE,VANTAGEM ECONOMICA
2018,8/26/2018,26/08/2018 22:30:00,DOMINGO,-21.25321120,-44.98532980,CONSUMADO,BENS/VALORES DE CLIENTE/VISITANTE DE ESTABELECIMENTO,ACAO DE GANGUES / FACCOES CRIMINOSAS
2018,9/9/2018,09/09/2018 13:06:39,DOMINGO,-21.23807430,-45.02318330,CONSUMADO,BENS / VALORES DE TRANSEUNTE,VANTAGEM ECONOMICA
2018,9/9/2018,09/09/2018 22:17:46,DOMINGO,-21.23201790,-44.99501400,TENTADO,BENS / VALORES DE MOTORISTA / PASSAGEIRO DE VEICULO PARTICULAR,VANTAGEM ECONOMICA
2018,9/28/2018,28/09/2018 14:21:41,SEXTA-FEIRA,-21.24648100,-45.01331360,TENTADO,BENS / VALORES DE TRANSEUNTE,VANTAGEM ECONOMICA
2018,10/19/2018,19/10/2018 21:07:00,SEXTA-FEIRA,-21.23423350,-45.00450110,CONSUMADO,BENS/VALORES DE PROPRIETARIO/FUNCIONARIO DE ESTABELECIMENTO,BRIGA / ATRITO
2018,10/19/2018,19/10/2018 23:01:00,SEXTA-FEIRA,-21.25681170,-45.00015400,CONSUMADO,BENS / VALORES DE MOTORISTA / PASSAGEIRO DE VEICULO PARTICULAR,IGNORADO
2018,10/22/2018,22/10/2018 11:23:42,SEGUNDA-FEIRA,-21.22597150,-44.99995420,CONSUMADO,BENS / VALORES DE TRANSEUNTE,VANTAGEM ECONOMICA
2018,10/22/2018,22/10/2018 17:30:00,SEGUNDA-FEIRA,-21.16000000,-45.00805560,CONSUMADO,BENS / VALORES DE TRANSEUNTE,VANTAGEM ECONOMICA
2018,10/26/2018,26/10/2018 00:48:28,SEXTA-FEIRA,-21.24242080,-45.02102950,CONSUMADO,BENS / VALORES DE TRANSEUNTE,VANTAGEM ECONOMICA
2018,11/1/2018,01/11/2018 00:49:54,QUINTA-FEIRA,-21.23352700,-44.99596760,CONSUMADO,BENS / VALORES DE TRANSEUNTE,VANTAGEM ECONOMICA
2018,11/1/2018,01/11/2018 00:49:00,QUINTA-FEIRA,-21.23352700,-44.99596760,CONSUMADO,BENS / VALORES DE TRANSEUNTE,OUTRAS MOTIVACOES/CAUSAS 
2018,11/3/2018,03/11/2018 03:00:15,SÁBADO,-21.24143130,-45.00865010,CONSUMADO,BENS / VALORES DE TRANSEUNTE,VANTAGEM ECONOMICA
2018,11/4/2018,04/11/2018 02:45:39,DOMINGO,-21.24896510,-45.00021780,CONSUMADO,BENS / VALORES DE TRANSEUNTE,VANTAGEM ECONOMICA
2018,11/10/2018,10/11/2018 02:00:00,SÁBADO,-21.24620240,-44.99168470,CONSUMADO,BENS / VALORES DE TRANSEUNTE,VANTAGEM ECONOMICA
2018,11/21/2018,21/11/2018 23:30:00,QUARTA-FEIRA,-21.22521060,-45.00336050,CONSUMADO,BENS / VALORES DE TRANSEUNTE,AUTOR COM OUTRAS DIVIDAS
2018,12/23/2018,23/12/2018 10:45:00,DOMINGO,-21.20571420,-45.04792420,CONSUMADO,BENS / VALORES DE MOTORISTA / PASSAGEIRO DE VEICULO PARTICULAR,VANTAGEM ECONOMICA
2018,12/24/2018,24/12/2018 15:10:00,SEGUNDA-FEIRA,-21.27612500,-44.92358160,CONSUMADO,BENS / VALORES DE MOTORISTA / PASSAGEIRO DE VEICULO PARTICULAR,OUTRAS MOTIVACOES/CAUSAS 
2019,1/2/2019,02/01/2019 11:14:46,QUARTA-FEIRA,-21.24456720,-45.01478590,CONSUMADO,BENS/VALORES DE PROPRIETARIO/FUNCIONARIO DE ESTABELECIMENTO,VANTAGEM ECONOMICA
2019,1/23/2019,23/01/2019 07:36:38,QUARTA-FEIRA,-21.25200940,-45.00472780,CONSUMADO,BENS / VALORES DE TRANSEUNTE,VANTAGEM ECONOMICA
2019,1/24/2019,24/01/2019 09:46:19,QUINTA-FEIRA,-21.24204480,-44.99855410,TENTADO,BENS / VALORES DE TRANSEUNTE,VANTAGEM ECONOMICA
2019,1/24/2019,24/01/2019 20:30:00,QUINTA-FEIRA,-21.26771290,-44.97132550,CONSUMADO,BENS / VALORES DE TRANSEUNTE,IGNORADO
2019,1/25/2019,25/01/2019 03:22:46,SEXTA-FEIRA,-21.25446620,-45.00958060,CONSUMADO,BENS/VALORES DE PROPRIETARIO/FUNCIONARIO DE ESTABELECIMENTO,VANTAGEM ECONOMICA
2019,1/28/2019,28/01/2019 23:00:00,SEGUNDA-FEIRA,-21.23786890,-44.99604270,CONSUMADO,BENS / VALORES DE TRANSEUNTE,VANTAGEM ECONOMICA
2019,2/1/2019,01/02/2019 22:00:00,SEXTA-FEIRA,-21.26954790,-44.97668830,CONSUMADO,BENS / VALORES DE TRANSEUNTE,IGNORADO
2019,2/14/2019,14/02/2019 14:57:51,QUINTA-FEIRA,-21.24647300,-44.99257950,CONSUMADO,BENS / VALORES DE TRANSEUNTE,IGNORADO
2019,2/24/2019,24/02/2019 20:18:23,DOMINGO,-21.23750970,-44.99079120,CONSUMADO,BENS / VALORES DE MOTORISTA / PASSAGEIRO DE VEICULO PARTICULAR,VANTAGEM ECONOMICA
2019,2/24/2019,24/02/2019 21:03:17,DOMINGO,-21.24170990,-44.99905570,CONSUMADO,BENS / VALORES DE MOTORISTA / PASSAGEIRO DE VEICULO PARTICULAR,VANTAGEM ECONOMICA
2019,2/27/2019,27/02/2019 02:40:13,QUARTA-FEIRA,-21.23334700,-44.99724020,CONSUMADO,BENS / VALORES DE ESTABELECIMENTO /PESSOA JURIDICA,VANTAGEM ECONOMICA
2019,3/3/2019,03/03/2019 22:41:31,DOMINGO,-21.24464550,-44.99965170,TENTADO,BENS / VALORES DE TRANSEUNTE,VANTAGEM ECONOMICA
2019,3/4/2019,04/03/2019 10:37:26,SEGUNDA-FEIRA,-21.22645140,-44.97645700,TENTADO,BENS / VALORES DE TRANSEUNTE,VANTAGEM ECONOMICA
2019,3/8/2019,08/03/2019 10:23:59,SEXTA-FEIRA,-21.25452920,-45.00092550,TENTADO,BENS / VALORES DE TRANSEUNTE,VANTAGEM ECONOMICA
2019,3/15/2019,15/03/2019 13:09:30,SEXTA-FEIRA,-21.22372310,-44.99733170,CONSUMADO,BENS / VALORES DE TRANSEUNTE,IGNORADO
2019,3/22/2019,22/03/2019 21:46:16,SEXTA-FEIRA,-21.24583960,-45.00378340,CONSUMADO,BENS / VALORES DE TRANSEUNTE,VANTAGEM ECONOMICA
2019,3/23/2019,23/03/2019 18:36:03,SÁBADO,-21.23988750,-45.00201650,CONSUMADO,BENS / VALORES DE TRANSEUNTE,VANTAGEM ECONOMICA
2019,3/24/2019,24/03/2019 00:54:00,DOMINGO,-21.24710570,-45.00799310,CONSUMADO,BENS / VALORES DE TRANSEUNTE,VANTAGEM ECONOMICA
2019,3/25/2019,25/03/2019 02:04:51,SEGUNDA-FEIRA,-21.22718400,-44.99938020,TENTADO,BENS / VALORES DE TRANSEUNTE,IGNORADO
2019,3/27/2019,27/03/2019 21:33:53,QUARTA-FEIRA,-21.23983680,-44.99443830,CONSUMADO,BENS / VALORES DE TRANSEUNTE,IGNORADO
2019,3/28/2019,28/03/2019 01:00:00,QUINTA-FEIRA,-21.26432560,-44.99034910,CONSUMADO,BENS / VALORES DE TRANSEUNTE,VANTAGEM ECONOMICA
2019,3/30/2019,30/03/2019 04:42:10,SÁBADO,-21.25496740,-45.00342680,CONSUMADO,BENS / VALORES DE TRANSEUNTE,OUTRAS MOTIVACOES/CAUSAS 
2019,4/1/2019,01/04/2019 19:00:00,SEGUNDA-FEIRA,-21.22465170,-45.00027700,CONSUMADO,BENS / VALORES DE TRANSEUNTE,VANTAGEM ECONOMICA
2019,4/3/2019,03/04/2019 23:10:00,QUARTA-FEIRA,-21.25243940,-45.00464520,CONSUMADO,BENS / VALORES DE TRANSEUNTE,VANTAGEM ECONOMICA
2019,4/4/2019,04/04/2019 00:08:59,QUINTA-FEIRA,-21.24899890,-44.99141180,CONSUMADO,BENS / VALORES DE TRANSEUNTE,VANTAGEM ECONOMICA
2019,4/5/2019,05/04/2019 21:31:12,SEXTA-FEIRA,-21.27572080,-44.92324260,CONSUMADO,BENS / VALORES DE MOTORISTA / PASSAGEIRO DE VEICULO PARTICULAR,VANTAGEM ECONOMICA
2019,4/6/2019,06/04/2019 13:44:25,SÁBADO,-21.23711900,-45.02393940,TENTADO,BENS / VALORES DE TRANSEUNTE,VANTAGEM ECONOMICA
2019,4/6/2019,06/04/2019 20:24:01,SÁBADO,-21.23466210,-44.99485300,TENTADO,BENS / VALORES DE TRANSEUNTE,VANTAGEM ECONOMICA
2019,4/9/2019,09/04/2019 18:43:54,TERÇA-FEIRA,-21.25400310,-45.00751430,CONSUMADO,VEICULO OU EMBARCACAO (ESPECIFICAR NA ABA VEICULOS),VANTAGEM ECONOMICA
2019,4/11/2019,11/04/2019 19:15:17,QUINTA-FEIRA,-21.22951140,-44.99849130,TENTADO,BENS / VALORES DE TRANSEUNTE,IGNORADO
2019,4/14/2019,14/04/2019 10:20:00,DOMINGO,-21.24907270,-45.00223670,CONSUMADO,BENS / VALORES DE TRANSEUNTE,VANTAGEM ECONOMICA
2019,4/16/2019,16/04/2019 05:08:08,TERÇA-FEIRA,-21.23745560,-45.02380760,CONSUMADO,BENS/VALORES DE PROPRIETARIO/FUNCIONARIO DE ESTABELECIMENTO,VANTAGEM ECONOMICA
2019,4/17/2019,17/04/2019 06:10:00,QUARTA-FEIRA,-21.22748210,-44.99314040,CONSUMADO,BENS / VALORES DE TRANSEUNTE,IGNORADO
2019,4/19/2019,19/04/2019 17:48:01,SEXTA-FEIRA,-21.24296040,-45.01585370,TENTADO,BENS / VALORES DE TRANSEUNTE,VANTAGEM ECONOMICA
2019,4/21/2019,21/04/2019 22:59:38,DOMINGO,-21.24597600,-45.00749750,CONSUMADO,BENS / VALORES DE TRANSEUNTE,VANTAGEM ECONOMICA
2019,4/22/2019,22/04/2019 21:19:52,SEGUNDA-FEIRA,-21.22857380,-45.00536370,CONSUMADO,BENS / VALORES DE TRANSEUNTE,VANTAGEM ECONOMICA
2019,4/23/2019,23/04/2019 05:54:35,TERÇA-FEIRA,-21.25482600,-45.00356830,CONSUMADO,BENS / VALORES DE TRANSEUNTE,IGNORADO
2019,4/25/2019,25/04/2019 22:06:14,QUINTA-FEIRA,-21.22531070,-45.00022880,CONSUMADO,BENS / VALORES DE TRANSEUNTE,IGNORADO
2019,4/26/2019,26/04/2019 22:27:53,SEXTA-FEIRA,-21.22733400,-44.99988190,TENTADO,BENS / VALORES DE TRANSEUNTE,VANTAGEM ECONOMICA
2019,4/27/2019,27/04/2019 22:30:00,SÁBADO,-21.25611100,-44.99859070,CONSUMADO,BENS / VALORES DE TRANSEUNTE,VANTAGEM ECONOMICA
2019,4/29/2019,29/04/2019 23:31:27,SEGUNDA-FEIRA,-21.22531070,-45.00022880,CONSUMADO,BENS / VALORES DE MOTORISTA / COBRADOR DE TRANSPORTE COLETIVO,VANTAGEM ECONOMICA
2019,5/2/2019,02/05/2019 02:00:00,QUINTA-FEIRA,-21.24319490,-44.99156350,CONSUMADO,BENS / VALORES DE TRANSEUNTE,VANTAGEM ECONOMICA
2019,5/2/2019,02/05/2019 08:30:00,QUINTA-FEIRA,-21.26066500,-44.98944830,CONSUMADO,BENS / VALORES DE TRANSEUNTE,VANTAGEM ECONOMICA
2019,5/7/2019,07/05/2019 18:00:00,TERÇA-FEIRA,-21.25197190,-45.00446540,CONSUMADO,BENS / VALORES DE TRANSEUNTE,VANTAGEM ECONOMICA
2019,5/9/2019,09/05/2019 17:00:00,QUINTA-FEIRA,-21.25612900,-45.01614740,CONSUMADO,BENS / VALORES DE TRANSEUNTE,IGNORADO
2019,5/17/2019,17/05/2019 09:05:42,SEXTA-FEIRA,-21.23269960,-44.99756680,TENTADO,BENS / VALORES DE TRANSEUNTE,IGNORADO
2019,5/18/2019,18/05/2019 06:13:04,SÁBADO,-21.25275980,-44.99868380,CONSUMADO,BENS / VALORES DE TRANSEUNTE,VANTAGEM ECONOMICA
2019,5/19/2019,19/05/2019 06:15:00,DOMINGO,-21.25533480,-44.99452080,CONSUMADO,BENS / VALORES DE TRANSEUNTE,VANTAGEM ECONOMICA
2019,5/20/2019,20/05/2019 20:11:05,SEGUNDA-FEIRA,-21.24174440,-45.01655290,CONSUMADO,BENS / VALORES DE TRANSEUNTE,VANTAGEM ECONOMICA
2019,5/25/2019,25/05/2019 06:11:51,SÁBADO,-21.23702520,-44.99886010,CONSUMADO,BENS / VALORES DE TRANSEUNTE,IGNORADO
2019,5/26/2019,26/05/2019 07:21:26,DOMINGO,-21.25708130,-45.00128350,CONSUMADO,BENS / VALORES DE TRANSEUNTE,IGNORADO
2019,5/30/2019,30/05/2019 09:09:34,QUINTA-FEIRA,-21.25344210,-45.00502160,TENTADO,BENS/VALORES DE MORADOR / VISITANTE DE RESIDENCIA,VANTAGEM ECONOMICA
2019,5/30/2019,30/05/2019 12:52:40,QUINTA-FEIRA,-21.25661250,-45.00278160,TENTADO,BENS / VALORES DE TRANSEUNTE,IGNORADO
2019,6/9/2019,09/06/2019 21:32:23,DOMINGO,-21.24983990,-45.00334690,TENTADO,BENS / VALORES DE TRANSEUNTE,VANTAGEM ECONOMICA
2019,6/16/2019,16/06/2019 23:05:51,DOMINGO,-21.24785440,-45.00537300,CONSUMADO,BENS / VALORES DE TRANSEUNTE,ENVOLVIMENTO COM DROGAS
2019,6/19/2019,19/06/2019 02:25:16,QUARTA-FEIRA,-21.24723490,-45.00690430,CONSUMADO,BENS / VALORES DE TRANSEUNTE,VANTAGEM ECONOMICA
2019,6/23/2019,23/06/2019 07:07:43,DOMINGO,-21.25726550,-44.99857800,CONSUMADO,BENS / VALORES DE TRANSEUNTE,VANTAGEM ECONOMICA
2019,6/23/2019,23/06/2019 17:45:10,DOMINGO,-21.24497520,-44.99353780,TENTADO,BENS / VALORES DE TRANSEUNTE,VANTAGEM ECONOMICA
2019,6/29/2019,29/06/2019 18:53:43,SÁBADO,-21.24791690,-45.00747860,CONSUMADO,BENS / VALORES DE TRANSEUNTE,VANTAGEM ECONOMICA
2019,7/1/2019,01/07/2019 20:01:46,SEGUNDA-FEIRA,-21.24410590,-45.00071170,CONSUMADO,BENS / VALORES DE TRANSEUNTE,IGNORADO
2019,7/5/2019,05/07/2019 20:39:27,SEXTA-FEIRA,-21.22490020,-45.00625940,CONSUMADO,BENS / VALORES DE TRANSEUNTE,IGNORADO
2019,7/14/2019,14/07/2019 03:50:48,DOMINGO,-21.23567950,-44.98477090,CONSUMADO,BENS / VALORES DE TRANSEUNTE,EMBRIAGUEZ
2019,7/25/2019,25/07/2019 20:16:18,QUINTA-FEIRA,-21.24285240,-44.99181030,CONSUMADO,BENS / VALORES DE TRANSEUNTE,VANTAGEM ECONOMICA
2019,8/1/2019,01/08/2019 14:55:03,QUINTA-FEIRA,-21.24429740,-45.01985520,TENTADO,BENS / VALORES DE TRANSEUNTE,IGNORADO
2019,8/19/2019,19/08/2019 23:42:41,SEGUNDA-FEIRA,-21.24063530,-44.99228320,CONSUMADO,BENS / VALORES DE TRANSEUNTE,VANTAGEM ECONOMICA
2019,8/24/2019,24/08/2019 22:30:00,SÁBADO,-21.25675440,-45.00432910,CONSUMADO,BENS / VALORES DE TRANSEUNTE,IGNORADO
2019,9/2/2019,02/09/2019 12:45:00,SEGUNDA-FEIRA,-21.25519490,-45.00792160,CONSUMADO,VEICULO OU EMBARCACAO (ESPECIFICAR NA ABA VEICULOS),VANTAGEM ECONOMICA
2019,9/12/2019,12/09/2019 02:02:14,QUINTA-FEIRA,-21.23886990,-44.99285350,CONSUMADO,BENS / VALORES DE TRANSEUNTE,IGNORADO
2019,9/15/2019,15/09/2019 20:14:06,DOMINGO,-21.22582030,-45.00047260,CONSUMADO,BENS / VALORES DE TRANSEUNTE,VANTAGEM ECONOMICA
2019,9/26/2019,26/09/2019 19:38:04,QUINTA-FEIRA,-21.24835300,-45.00260800,CONSUMADO,BENS / VALORES DE TRANSEUNTE,IGNORADO
2019,9/30/2019,30/09/2019 20:18:05,SEGUNDA-FEIRA,-21.22716790,-45.00210380,CONSUMADO,BENS / VALORES DE TRANSEUNTE,VANTAGEM ECONOMICA
2019,10/7/2019,07/10/2019 17:39:16,SEGUNDA-FEIRA,-21.22694010,-45.00620930,CONSUMADO,BENS / VALORES DE TRANSEUNTE,VANTAGEM ECONOMICA
2019,10/20/2019,20/10/2019 04:30:00,DOMINGO,-21.24512560,-44.99241980,CONSUMADO,BENS / VALORES DE TRANSEUNTE,VANTAGEM ECONOMICA
2019,10/22/2019,22/10/2019 18:55:39,TERÇA-FEIRA,-21.22686210,-45.00398280,CONSUMADO,BENS / VALORES DE TRANSEUNTE,VANTAGEM ECONOMICA
2019,10/27/2019,27/10/2019 22:26:08,DOMINGO,-21.22531070,-45.00022880,CONSUMADO,BENS / VALORES DE TRANSEUNTE,VANTAGEM ECONOMICA
2019,10/29/2019,29/10/2019 23:49:57,TERÇA-FEIRA,-21.24222170,-45.03004580,CONSUMADO,BENS/VALORES DE PROPRIETARIO/FUNCIONARIO DE ESTABELECIMENTO,VANTAGEM ECONOMICA
2019,11/2/2019,02/11/2019 13:41:23,SÁBADO,-21.21631070,-44.99688670,CONSUMADO,BENS / VALORES DE TRANSEUNTE,VANTAGEM ECONOMICA
2019,11/11/2019,11/11/2019 17:52:31,SEGUNDA-FEIRA,-21.24444740,-45.02013150,CONSUMADO,BENS / VALORES DE TRANSEUNTE,ENVOLVIMENTO COM DROGAS
2019,11/12/2019,12/11/2019 21:11:41,TERÇA-FEIRA,-21.22465170,-45.00027700,TENTADO,BENS / VALORES DE TRANSEUNTE,VANTAGEM ECONOMICA
2019,11/25/2019,25/11/2019 11:15:10,SEGUNDA-FEIRA,-21.24445880,-44.99787980,CONSUMADO,VEICULO OU EMBARCACAO (ESPECIFICAR NA ABA VEICULOS),VANTAGEM ECONOMICA
2019,11/25/2019,25/11/2019 14:30:45,SEGUNDA-FEIRA,-21.24889880,-45.01341370,CONSUMADO,BENS / VALORES DE TRANSEUNTE,VANTAGEM ECONOMICA
2019,12/27/2019,27/12/2019 15:39:31,SEXTA-FEIRA,-21.25129820,-44.99461360,CONSUMADO,BENS / VALORES DE MOTORISTA / PASSAGEIRO DE VEICULO PARTICULAR,OUTRAS MOTIVACOES/CAUSAS 
2020,1/22/2020,22/01/2020 21:36:51,QUARTA-FEIRA,-21.24902610,-45.00703620,CONSUMADO,BENS / VALORES DE TRANSEUNTE,VANTAGEM ECONOMICA
2020,2/13/2020,13/02/2020 20:00:00,QUINTA-FEIRA,-21.24930720,-44.98372550,CONSUMADO,BENS / VALORES DE TRANSEUNTE,VANTAGEM ECONOMICA
2020,3/2/2020,02/03/2020 16:13:11,SEGUNDA-FEIRA,-21.24266630,-44.99973020,CONSUMADO,BENS / VALORES DE TRANSEUNTE,VANTAGEM ECONOMICA
2020,3/7/2020,07/03/2020 03:41:49,SÁBADO,-21.24542780,-45.01951160,CONSUMADO,VEICULO OU EMBARCACAO (ESPECIFICAR NA ABA VEICULOS),VANTAGEM ECONOMICA
2020,3/18/2020,18/03/2020 21:19:32,QUARTA-FEIRA,-21.22843720,-44.99273790,CONSUMADO,BENS / VALORES DE TRANSEUNTE,VANTAGEM ECONOMICA
2020,3/21/2020,21/03/2020 14:01:00,SÁBADO,-21.25119140,-45.00334180,TENTADO,BENS / VALORES DE TRANSEUNTE,VANTAGEM ECONOMICA
2020,3/23/2020,23/03/2020 02:00:00,SEGUNDA-FEIRA,-21.25030630,-45.00220580,CONSUMADO,BENS / VALORES DE MOTORISTA / PASSAGEIRO DE VEICULO PARTICULAR,ACAO DE GANGUES / FACCOES CRIMINOSAS
2020,4/15/2020,15/04/2020 22:11:41,QUARTA-FEIRA,-21.24328900,-44.99913780,CONSUMADO,BENS / VALORES DE TRANSEUNTE,VANTAGEM ECONOMICA
2020,4/19/2020,19/04/2020 12:20:19,DOMINGO,-21.24374650,-45.02035330,CONSUMADO,BENS / VALORES DE TRANSEUNTE,VANTAGEM ECONOMICA
2020,5/30/2020,30/05/2020 21:09:04,SÁBADO,-21.25444610,-44.99225370,CONSUMADO,BENS / VALORES DE TRANSEUNTE,ENVOLVIMENTO COM DROGAS
2020,6/10/2020,10/06/2020 19:34:50,QUARTA-FEIRA,-21.26249320,-44.98505030,CONSUMADO,BENS / VALORES DE TRANSEUNTE,VANTAGEM ECONOMICA
2020,6/24/2020,24/06/2020 18:24:26,QUARTA-FEIRA,-21.24919820,-45.01340920,CONSUMADO,BENS / VALORES DE TRANSEUNTE,VANTAGEM ECONOMICA
2020,7/6/2020,06/07/2020 16:06:47,SEGUNDA-FEIRA,-21.24773520,-45.02586100,TENTADO,BENS / VALORES DE MOTORISTA / PASSAGEIRO DE VEICULO PARTICULAR,VANTAGEM ECONOMICA
2020,7/14/2020,14/07/2020 19:39:02,TERÇA-FEIRA,-21.24189450,-44.99289980,CONSUMADO,BENS / VALORES DE TRANSEUNTE,VANTAGEM ECONOMICA
2020,7/16/2020,16/07/2020 18:10:54,QUINTA-FEIRA,-21.24887340,-44.97992180,CONSUMADO,BENS / VALORES DE TRANSEUNTE,VANTAGEM ECONOMICA
2020,7/29/2020,29/07/2020 21:00:14,QUARTA-FEIRA,-21.23836010,-44.99470930,CONSUMADO,BENS / VALORES DE TRANSEUNTE,VANTAGEM ECONOMICA
2020,9/4/2020,04/09/2020 19:52:21,SEXTA-FEIRA,-21.23868840,-45.02381840,CONSUMADO,BENS / VALORES DE TRANSEUNTE,VANTAGEM ECONOMICA
2020,9/13/2020,13/09/2020 22:30:50,DOMINGO,-21.24978560,-45.00424350,CONSUMADO,BENS / VALORES DE TRANSEUNTE,VANTAGEM ECONOMICA
2020,9/15/2020,15/09/2020 23:00:00,TERÇA-FEIRA,-21.25420230,-44.98621690,CONSUMADO,BENS / VALORES DE TRANSEUNTE,IGNORADO
2020,10/4/2020,04/10/2020 20:23:58,DOMINGO,-21.22533110,-45.00082720,CONSUMADO,BENS / VALORES DE TRANSEUNTE,VANTAGEM ECONOMICA
2020,10/6/2020,06/10/2020 09:00:00,TERÇA-FEIRA,-21.22597150,-44.99995420,CONSUMADO,BENS / VALORES DE TRANSEUNTE,VANTAGEM ECONOMICA
2020,10/29/2020,29/10/2020 14:35:52,QUINTA-FEIRA,-21.24814450,-45.02266920,TENTADO,BENS/VALORES DE PROPRIETARIO/FUNCIONARIO DE ESTABELECIMENTO,VANTAGEM ECONOMICA
2020,10/29/2020,29/10/2020 18:52:08,QUINTA-FEIRA,-21.26181040,-44.98919510,CONSUMADO,BENS / VALORES DE TRANSEUNTE,VANTAGEM ECONOMICA
2020,11/19/2020,19/11/2020 23:50:00,QUINTA-FEIRA,-21.25352730,-44.99861920,CONSUMADO,BENS / VALORES DE TRANSEUNTE,IGNORADO
2020,11/19/2020,19/11/2020 23:50:00,QUINTA-FEIRA,-21.25352730,-44.99861920,CONSUMADO,BENS / VALORES DE TRANSEUNTE,IGNORADO
2020,11/20/2020,20/11/2020 16:54:36,SEXTA-FEIRA,-21.22178720,-45.00464780,CONSUMADO,BENS / VALORES DE MOTORISTA / PASSAGEIRO DE VEICULO PARTICULAR,VANTAGEM ECONOMICA
2021,1/23/2021,23/01/2021 21:00:00,SÁBADO,-21.26818630,-44.99711340,CONSUMADO,BENS / VALORES DE TRANSEUNTE,VANTAGEM ECONOMICA
2021,1/31/2021,31/01/2021 22:20:47,DOMINGO,-21.24683850,-45.00532690,CONSUMADO,BENS / VALORES DE MOTORISTA / PASSAGEIRO DE VEICULO PARTICULAR,VANTAGEM ECONOMICA
2021,2/7/2021,07/02/2021 06:21:26,DOMINGO,-21.26477520,-45.00744840,CONSUMADO,VEICULO OU EMBARCACAO (ESPECIFICAR NA ABA VEICULOS),ACAO DE GANGUES / FACCOES CRIMINOSAS
2021,2/12/2021,12/02/2021 21:00:00,SEXTA-FEIRA,-21.25199460,-45.00503240,CONSUMADO,BENS / VALORES DE TRANSEUNTE,VANTAGEM ECONOMICA
2021,2/28/2021,28/02/2021 14:10:15,DOMINGO,-21.26289870,-44.95476990,CONSUMADO,BENS / VALORES DE MOTORISTA / PASSAGEIRO DE VEICULO PARTICULAR,VANTAGEM ECONOMICA
2021,3/7/2021,07/03/2021 09:59:26,DOMINGO,-21.23249660,-44.99484690,CONSUMADO,BENS / VALORES DE TRANSEUNTE,VANTAGEM ECONOMICA
2021,5/5/2021,05/05/2021 02:59:19,QUARTA-FEIRA,-21.24332090,-44.99433320,CONSUMADO,BENS / VALORES DE TRANSEUNTE,VANTAGEM ECONOMICA
2021,5/13/2021,13/05/2021 20:30:57,QUINTA-FEIRA,-21.24279570,-44.99185810,CONSUMADO,BENS / VALORES DE TRANSEUNTE,VANTAGEM ECONOMICA
2021,5/18/2021,18/05/2021 00:40:09,TERÇA-FEIRA,-21.25449390,-44.99670690,CONSUMADO,BENS / VALORES DE TRANSEUNTE,VANTAGEM ECONOMICA
2021,6/2/2021,02/06/2021 21:11:17,QUARTA-FEIRA,-21.23971650,-45.00116130,CONSUMADO,BENS / VALORES DE TRANSEUNTE,VANTAGEM ECONOMICA
2021,6/7/2021,07/06/2021 12:26:53,SEGUNDA-FEIRA,-21.23563740,-44.99777440,TENTADO,BENS / VALORES DE TRANSEUNTE,VANTAGEM ECONOMICA
2021,6/27/2021,27/06/2021 15:57:33,DOMINGO,-21.24374650,-45.02035330,CONSUMADO,BENS / VALORES DE TRANSEUNTE,VANTAGEM ECONOMICA
2021,7/3/2021,03/07/2021 15:56:23,SÁBADO,-21.24658830,-45.00625540,CONSUMADO,BENS / VALORES DE TRANSEUNTE,ENVOLVIMENTO COM DROGAS
2021,8/5/2021,05/08/2021 19:00:00,QUINTA-FEIRA,-21.21490190,-45.06535690,CONSUMADO,MOTORISTA DE TAXI,VANTAGEM ECONOMICA
2021,8/17/2021,17/08/2021 17:23:59,TERÇA-FEIRA,-21.23975110,-45.00052080,CONSUMADO,BENS / VALORES DE TRANSEUNTE,VANTAGEM ECONOMICA
2021,8/21/2021,21/08/2021 11:25:03,SÁBADO,-21.22530890,-45.00027400,CONSUMADO,BENS / VALORES DE TRANSEUNTE,VANTAGEM ECONOMICA
2021,8/21/2021,21/08/2021 19:48:14,SÁBADO,-21.23989040,-45.00026470,CONSUMADO,BENS / VALORES DE TRANSEUNTE,VANTAGEM ECONOMICA
2021,8/22/2021,22/08/2021 01:30:00,DOMINGO,-21.24057270,-44.99795450,CONSUMADO,BENS / VALORES DE TRANSEUNTE,VANTAGEM ECONOMICA
2021,8/22/2021,22/08/2021 02:00:00,DOMINGO,-21.22680460,-45.04839130,TENTADO,MOTORISTA DE TAXI,IGNORADO
2021,8/26/2021,26/08/2021 21:29:57,QUINTA-FEIRA,-21.22801830,-44.99820880,TENTADO,BENS / VALORES DE TRANSEUNTE,ENVOLVIMENTO COM DROGAS
2021,8/27/2021,27/08/2021 14:27:39,SEXTA-FEIRA,-21.24097250,-44.99634700,TENTADO,BENS / VALORES DE TRANSEUNTE,VANTAGEM ECONOMICA
2021,9/6/2021,06/09/2021 00:03:00,SEGUNDA-FEIRA,-21.24913600,-45.00719680,CONSUMADO,BENS / VALORES DE TRANSEUNTE,VANTAGEM ECONOMICA
2021,9/10/2021,10/09/2021 01:51:49,SEXTA-FEIRA,-21.23729830,-45.02612810,CONSUMADO,VEICULO OU EMBARCACAO (ESPECIFICAR NA ABA VEICULOS),VANTAGEM ECONOMICA
2021,9/15/2021,15/09/2021 04:08:31,QUARTA-FEIRA,-21.21860130,-44.99726670,CONSUMADO,BENS / VALORES DE MOTORISTA / PASSAGEIRO DE VEICULO PARTICULAR,VANTAGEM ECONOMICA
2021,9/17/2021,17/09/2021 22:38:53,SEXTA-FEIRA,-21.24558140,-45.02320830,CONSUMADO,BENS / VALORES DE MOTORISTA / PASSAGEIRO DE VEICULO PARTICULAR,VANTAGEM ECONOMICA
2021,9/23/2021,23/09/2021 21:00:00,QUINTA-FEIRA,-21.22521060,-45.00336050,CONSUMADO,BENS / VALORES DE TRANSEUNTE,VANTAGEM ECONOMICA
2021,9/24/2021,24/09/2021 21:00:00,SEXTA-FEIRA,-21.22521060,-45.00336050,CONSUMADO,BENS / VALORES DE TRANSEUNTE,VANTAGEM ECONOMICA
2021,10/5/2021,05/10/2021 22:50:00,TERÇA-FEIRA,-21.23175030,-44.99806930,TENTADO,BENS / VALORES DE TRANSEUNTE,VANTAGEM ECONOMICA
2021,10/19/2021,19/10/2021 05:00:00,TERÇA-FEIRA,-21.32292010,-45.16611090,CONSUMADO,CARGAS,VANTAGEM ECONOMICA
2021,10/29/2021,29/10/2021 18:29:18,SEXTA-FEIRA,-21.25413110,-44.98511960,CONSUMADO,BENS / VALORES DE TRANSEUNTE,ENVOLVIMENTO COM DROGAS
2021,10/31/2021,31/10/2021 19:30:00,DOMINGO,-21.25510260,-44.98860100,CONSUMADO,BENS / VALORES DE TRANSEUNTE,VANTAGEM ECONOMICA
2021,11/2/2021,02/11/2021 21:00:00,TERÇA-FEIRA,-21.25487390,-45.01114290,CONSUMADO,BENS / VALORES DE TRANSEUNTE,VANTAGEM ECONOMICA
2021,11/5/2021,05/11/2021 11:41:00,SEXTA-FEIRA,-21.26464420,-44.98925870,CONSUMADO,BENS/VALORES DE MORADOR / VISITANTE DE RESIDENCIA,PREENCHIMENTO OPCIONAL
2021,11/10/2021,10/11/2021 12:05:54,QUARTA-FEIRA,-21.25611100,-44.99859070,TENTADO,BENS / VALORES DE TRANSEUNTE,VANTAGEM ECONOMICA
2021,11/25/2021,25/11/2021 15:11:09,QUINTA-FEIRA,-21.25693780,-44.99700000,TENTADO,BENS / VALORES DE TRANSEUNTE,VANTAGEM ECONOMICA
2021,11/28/2021,28/11/2021 21:08:33,DOMINGO,-21.24776710,-45.02327840,CONSUMADO,VEICULO OU EMBARCACAO (ESPECIFICAR NA ABA VEICULOS),VANTAGEM ECONOMICA
2021,12/10/2021,10/12/2021 17:15:00,SEXTA-FEIRA,-21.23816667,-45.04197222,CONSUMADO,BENS / VALORES DE TRANSEUNTE,VANTAGEM ECONOMICA
2021,12/21/2021,21/12/2021 21:30:00,TERÇA-FEIRA,-21.23784310,-45.01604500,CONSUMADO,BENS / VALORES DE TRANSEUNTE,ENVOLVIMENTO COM DROGAS
2021,12/23/2021,23/12/2021 13:49:59,QUINTA-FEIRA,-21.22346150,-45.00036490,CONSUMADO,BENS/VALORES DE PROPRIETARIO/FUNCIONARIO DE ESTABELECIMENTO,VANTAGEM ECONOMICA
2021,12/26/2021,26/12/2021 00:01:00,DOMINGO,-21.21787120,-44.99703590,CONSUMADO,BENS / VALORES DE TRANSEUNTE,VANTAGEM ECONOMICA
2022,1/6/2022,06/01/2022 10:04:48,QUINTA-FEIRA,-21.23730340,-44.99757070,CONSUMADO,BENS / VALORES DE TRANSEUNTE,VANTAGEM ECONOMICA
2022,1/7/2022,07/01/2022 23:32:50,SEXTA-FEIRA,-21.24019520,-44.99762980,CONSUMADO,BENS/VALORES DE MORADOR / VISITANTE DE RESIDENCIA,VANTAGEM ECONOMICA
2022,1/26/2022,26/01/2022 22:55:40,QUARTA-FEIRA,-21.24544430,-45.02283790,CONSUMADO,BENS / VALORES DE MOTORISTA / PASSAGEIRO DE VEICULO PARTICULAR,VANTAGEM ECONOMICA
2022,2/6/2022,06/02/2022 06:45:00,DOMINGO,-21.24117530,-45.00751870,CONSUMADO,BENS / VALORES DE TRANSEUNTE,VANTAGEM ECONOMICA
2022,2/8/2022,08/02/2022 21:59:39,TERÇA-FEIRA,-21.24698910,-45.02455800,TENTADO,BENS / VALORES DE MOTORISTA / PASSAGEIRO DE VEICULO PARTICULAR,IGNORADO
2022,2/13/2022,13/02/2022 00:30:00,DOMINGO,-21.23222940,-45.01300090,CONSUMADO,BENS/VALORES DE PROPRIETARIO/FUNCIONARIO DE ESTABELECIMENTO,VANTAGEM ECONOMICA
2022,2/20/2022,20/02/2022 23:30:00,DOMINGO,-21.27604750,-44.98031490,CONSUMADO,BENS/VALORES DE CLIENTE/VISITANTE DE ESTABELECIMENTO,VANTAGEM ECONOMICA
2022,3/6/2022,06/03/2022 22:30:00,DOMINGO,-21.15607990,-45.01082920,CONSUMADO,BENS / VALORES DE MOTORISTA / PASSAGEIRO DE VEICULO PARTICULAR,VANTAGEM ECONOMICA
2022,3/27/2022,27/03/2022 04:30:00,DOMINGO,-21.24057270,-44.99795450,CONSUMADO,BENS / VALORES DE TRANSEUNTE,VANTAGEM ECONOMICA
2022,3/28/2022,28/03/2022 18:30:00,SEGUNDA-FEIRA,-21.23729830,-45.02612810,CONSUMADO,VEICULO OU EMBARCACAO (ESPECIFICAR NA ABA VEICULOS),IGNORADO
